{"stats":{"minecraft:crafted":{"minecraft:furnace":1,"minecraft:cooked_mutton":27,"minecraft:flint_and_steel":1,"minecraft:diamond_helmet":2,"minecraft:diamond_leggings":2,"minecraft:stone_pickaxe":4,"minecraft:chest":4,"minecraft:diamond_boots":2,"minecraft:cooked_beef":20,"minecraft:diamond_sword":1,"minecraft:cooked_porkchop":3,"minecraft:diamond_axe":1,"minecraft:crafting_table":1,"minecraft:spruce_planks":60,"minecraft:wooden_pickaxe":1,"minecraft:copper_ingot":16,"minecraft:bucket":2,"minecraft:birch_planks":44,"minecraft:stone_axe":1,"minecraft:air":0,"minecraft:charcoal":16,"minecraft:diamond_pickaxe":2,"minecraft:shield":2,"minecraft:stick":48,"minecraft:iron_ingot":14,"minecraft:iron_pickaxe":1,"minecraft:wooden_axe":1,"minecraft:white_bed":2,"minecraft:torch":44,"minecraft:diamond_chestplate":2},"minecraft:picked_up":{"minecraft:crafting_table":2,"minecraft:iron_chestplate":1,"minecraft:ominous_bottle":1,"minecraft:chicken":2,"minecraft:wooden_pickaxe":1,"minecraft:shield":3,"minecraft:string":4,"minecraft:raw_copper":34,"minecraft:diamond_leggings":1,"minecraft:gold_nugget":75,"minecraft:cobbled_deepslate":423,"minecraft:bucket":3,"minecraft:beef":19,"minecraft:iron_nugget":3,"minecraft:iron_pickaxe":1,"minecraft:sugar_cane":25,"minecraft:chest":1,"minecraft:birch_sapling":4,"minecraft:furnace":2,"minecraft:iron_boots":1,"minecraft:egg":6,"minecraft:stick":25,"minecraft:raw_iron":51,"minecraft:torch":24,"minecraft:porkchop":3,"minecraft:diorite":2,"minecraft:carrot":1,"minecraft:redstone":21,"minecraft:diamond_chestplate":1,"minecraft:arrow":8,"minecraft:rotten_flesh":17,"minecraft:diamond_boots":1,"minecraft:mutton":21,"minecraft:white_wool":14,"minecraft:cobblestone":224,"minecraft:birch_log":50,"minecraft:magma_block":1,"minecraft:feather":3,"minecraft:water_bucket":2,"minecraft:andesite":1,"minecraft:brown_wool":1,"minecraft:leather":14,"minecraft:potato":13,"minecraft:birch_planks":29,"minecraft:flint":2,"minecraft:tuff":53,"minecraft:cobblestone_wall":1,"minecraft:lapis_lazuli":107,"minecraft:dirt":49,"minecraft:bone":18,"minecraft:stonecutter":1,"minecraft:bow":4,"minecraft:wheat_seeds":7,"minecraft:stone_pickaxe":5,"minecraft:grindstone":1,"minecraft:raw_gold":5,"minecraft:bell":5,"minecraft:diamond_helmet":1,"minecraft:glowstone_dust":3,"minecraft:oak_planks":1,"minecraft:sweet_berries":13,"minecraft:quartz":28,"minecraft:lava_bucket":1,"minecraft:gravel":11,"minecraft:spruce_sapling":2,"minecraft:blast_furnace":2,"minecraft:loom":2,"minecraft:spider_eye":2,"minecraft:mossy_cobblestone":1,"minecraft:pumpkin_seeds":6,"minecraft:diamond":46,"minecraft:stone_axe":3,"minecraft:iron_helmet":1,"minecraft:diamond_axe":1,"minecraft:granite":2,"minecraft:bread":30,"minecraft:oak_sapling":1,"minecraft:black_wool":1,"minecraft:netherrack":363,"minecraft:coal":51,"minecraft:crimson_roots":1,"minecraft:diamond_pickaxe":1},"minecraft:dropped":{"minecraft:water_bucket":2,"minecraft:iron_sword":1,"minecraft:cooked_beef":20,"minecraft:cooked_porkchop":3,"minecraft:diamond_leggings":1,"minecraft:iron_helmet":1,"minecraft:cobblestone":26,"minecraft:stick":8,"minecraft:torch":13,"minecraft:diamond_helmet":1,"minecraft:iron_leggings":1,"minecraft:iron_pickaxe":1,"minecraft:bucket":1,"minecraft:bone":2,"minecraft:iron_boots":1,"minecraft:carrot":1,"minecraft:diamond_sword":1,"minecraft:shield":2,"minecraft:diamond_chestplate":1,"minecraft:diamond_pickaxe":1,"minecraft:iron_chestplate":1,"minecraft:diamond_boots":1,"minecraft:spruce_log":8,"minecraft:stone_pickaxe":1},"minecraft:killed_by":{"minecraft:skeleton":1},"minecraft:custom":{"minecraft:mob_kills":60,"minecraft:interact_with_crafting_table":38,"minecraft:bell_ring":37,"minecraft:leave_game":3,"minecraft:time_since_death":7342,"minecraft:sprint_one_cm":208704,"minecraft:walk_one_cm":622715,"minecraft:damage_blocked_by_shield":802,"minecraft:drop":33,"minecraft:talked_to_villager":3,"minecraft:play_time":279445,"minecraft:deaths":3,"minecraft:sneak_time":8556,"minecraft:walk_under_water_one_cm":20747,"minecraft:jump":2826,"minecraft:interact_with_blast_furnace":10,"minecraft:walk_on_water_one_cm":63333,"minecraft:total_world_time":279445,"minecraft:interact_with_furnace":47,"minecraft:interact_with_loom":1,"minecraft:interact_with_grindstone":5,"minecraft:interact_with_stonecutter":2,"minecraft:sleep_in_bed":14,"minecraft:time_since_rest":7373,"minecraft:damage_taken":3032,"minecraft:damage_dealt":8929,"minecraft:swim_one_cm":35165,"minecraft:fly_one_cm":407289,"minecraft:open_chest":98,"minecraft:crouch_one_cm":23264,"minecraft:fall_one_cm":80005},"minecraft:killed":{"minecraft:spider":3,"minecraft:skeleton":5,"minecraft:chicken":2,"minecraft:drowned":1,"minecraft:piglin":2,"minecraft:pig":1,"minecraft:hoglin":1,"minecraft:sheep":12,"minecraft:pillager":1,"minecraft:zombie":21,"minecraft:cow":11},"minecraft:used":{"minecraft:flint_and_steel":1,"minecraft:chest":4,"minecraft:shield":8,"minecraft:bell":3,"minecraft:rotten_flesh":12,"minecraft:netherrack":170,"minecraft:iron_chestplate":1,"minecraft:torch":37,"minecraft:dirt":20,"minecraft:wooden_axe":41,"minecraft:lava_bucket":26,"minecraft:diamond_chestplate":2,"minecraft:furnace":3,"minecraft:egg":1,"minecraft:iron_leggings":1,"minecraft:cooked_mutton":27,"minecraft:water_bucket":27,"minecraft:birch_planks":6,"minecraft:stone_pickaxe":490,"minecraft:wooden_pickaxe":34,"minecraft:diamond_axe":6,"minecraft:stonecutter":1,"minecraft:blast_furnace":2,"minecraft:loom":2,"minecraft:crafting_table":3,"minecraft:white_bed":2,"minecraft:diamond_pickaxe":346,"minecraft:bread":5,"minecraft:iron_pickaxe":251,"minecraft:stone_axe":199,"minecraft:cobblestone":89,"minecraft:grindstone":1,"minecraft:bucket":56,"minecraft:birch_log":2,"minecraft:diamond_leggings":1},"minecraft:broken":{"minecraft:stone_pickaxe":3,"minecraft:stone_axe":2,"minecraft:iron_pickaxe":1,"minecraft:wooden_axe":1},"minecraft:mined":{"minecraft:nether_gold_ore":17,"minecraft:tuff":50,"minecraft:mossy_cobblestone":1,"minecraft:deepslate_diamond_ore":47,"minecraft:granite":2,"minecraft:grass_block":11,"minecraft:crimson_roots":1,"minecraft:spruce_leaves":3,"minecraft:large_fern":4,"minecraft:tall_seagrass":1,"minecraft:magma_block":1,"minecraft:glowstone":1,"minecraft:furnace":2,"minecraft:iron_ore":31,"minecraft:fire":3,"minecraft:andesite":1,"minecraft:bell":4,"minecraft:dirt_path":3,"minecraft:deepslate_iron_ore":6,"minecraft:stone":152,"minecraft:deepslate_redstone_ore":6,"minecraft:crimson_nylium":2,"minecraft:crafting_table":2,"minecraft:torch":3,"minecraft:short_grass":74,"minecraft:blast_furnace":2,"minecraft:chest":1,"minecraft:cobblestone":51,"minecraft:nether_quartz_ore":31,"minecraft:tall_grass":13,"minecraft:copper_ore":14,"minecraft:deepslate_gold_ore":3,"minecraft:lapis_ore":8,"minecraft:grindstone":1,"minecraft:sugar_cane":10,"minecraft:wall_torch":1,"minecraft:seagrass":2,"minecraft:birch_planks":6,"minecraft:cobblestone_wall":1,"minecraft:birch_log":47,"minecraft:sweet_berry_bush":4,"minecraft:birch_leaves":9,"minecraft:coal_ore":49,"minecraft:gravel":8,"minecraft:loom":2,"minecraft:dirt":6,"minecraft:stonecutter":1,"minecraft:netherrack":243,"minecraft:oak_leaves":3,"minecraft:fern":1,"minecraft:deepslate":374}},"DataVersion":3953}