{"stats":{"minecraft:killed":{"minecraft:cave_spider":9,"minecraft:zombified_piglin":4,"minecraft:witch":1,"minecraft:spider":27,"minecraft:skeleton":33,"minecraft:chicken":7,"minecraft:silverfish":4,"minecraft:piglin_brute":3,"minecraft:magma_cube":10,"minecraft:piglin":14,"minecraft:pig":9,"minecraft:zombie_villager":1,"minecraft:salmon":2,"minecraft:creeper":3,"minecraft:sheep":30,"minecraft:pillager":10,"minecraft:zombie":77,"minecraft:ghast":1,"minecraft:glow_squid":1,"minecraft:blaze":6,"minecraft:cow":21,"minecraft:vex":2,"minecraft:bogged":17,"minecraft:vindicator":3,"minecraft:phantom":2,"minecraft:drowned":1,"minecraft:ravager":2,"minecraft:hoglin":5,"minecraft:breeze":2,"minecraft:wither_skeleton":1,"minecraft:enderman":1},"minecraft:custom":{"minecraft:interact_with_crafting_table":140,"minecraft:open_barrel":31,"minecraft:bell_ring":44,"minecraft:eat_cake_slice":4,"minecraft:leave_game":10,"minecraft:time_since_death":221357,"minecraft:sprint_one_cm":1242725,"minecraft:damage_blocked_by_shield":2066,"minecraft:drop":351,"minecraft:talked_to_villager":26,"minecraft:play_time":1378135,"minecraft:deaths":36,"minecraft:jump":9354,"minecraft:interact_with_brewingstand":1,"minecraft:walk_on_water_one_cm":122685,"minecraft:interact_with_furnace":169,"minecraft:traded_with_villager":7,"minecraft:interact_with_loom":2,"minecraft:sleep_in_bed":29,"minecraft:damage_dealt":50946,"minecraft:crouch_one_cm":178557,"minecraft:inspect_dispenser":13,"minecraft:interact_with_smithing_table":8,"minecraft:mob_kills":317,"minecraft:interact_with_anvil":4,"minecraft:inspect_hopper":1,"minecraft:climb_one_cm":14307,"minecraft:walk_one_cm":3720653,"minecraft:raid_win":1,"minecraft:sneak_time":52770,"minecraft:walk_under_water_one_cm":56446,"minecraft:boat_one_cm":389703,"minecraft:interact_with_blast_furnace":49,"minecraft:total_world_time":1378135,"minecraft:interact_with_grindstone":9,"minecraft:interact_with_stonecutter":10,"minecraft:time_since_rest":33846,"minecraft:damage_taken":22397,"minecraft:damage_absorbed":39,"minecraft:minecart_one_cm":84306,"minecraft:swim_one_cm":66573,"minecraft:fly_one_cm":1379004,"minecraft:open_chest":558,"minecraft:fall_one_cm":268977},"minecraft:broken":{"minecraft:diamond_helmet":1,"minecraft:stone_pickaxe":3,"minecraft:diamond_boots":1,"minecraft:diamond_pickaxe":2,"minecraft:stone_axe":2,"minecraft:wooden_axe":1,"minecraft:diamond_leggings":1,"minecraft:iron_pickaxe":1},"minecraft:used":{"minecraft:oak_sign":21,"minecraft:chest":11,"minecraft:shield":31,"minecraft:iron_sword":29,"minecraft:bell":4,"minecraft:rotten_flesh":12,"minecraft:iron_chestplate":1,"minecraft:soul_sand":1,"minecraft:crafter":4,"minecraft:glass":44,"minecraft:waxed_oxidized_copper":2,"minecraft:lava_bucket":40,"minecraft:waxed_exposed_copper_bulb":1,"minecraft:birch_button":29,"minecraft:ominous_bottle":1,"minecraft:furnace":5,"minecraft:egg":6,"minecraft:potato":171,"minecraft:golden_boots":2,"minecraft:diamond_boots":4,"minecraft:oak_planks":1,"minecraft:stone_pickaxe":490,"minecraft:powered_rail":25,"minecraft:wooden_pickaxe":34,"minecraft:composter":1,"minecraft:blue_bed":5,"minecraft:sugar_cane":34,"minecraft:diamond_axe":1091,"minecraft:golden_apple":1,"minecraft:glow_berries":6,"minecraft:sand":2,"minecraft:blast_furnace":2,"minecraft:loom":2,"minecraft:crossbow":81,"minecraft:redstone_torch":20,"minecraft:bread":27,"minecraft:bone_meal":361,"minecraft:grindstone":1,"minecraft:smithing_table":1,"minecraft:birch_log":2,"minecraft:oak_boat":33,"minecraft:chest_minecart":1,"minecraft:flint_and_steel":2,"minecraft:redstone":57,"minecraft:cooked_chicken":8,"minecraft:netherrack":1536,"minecraft:trial_key":4,"minecraft:torch":53,"minecraft:anvil":1,"minecraft:brewing_stand":1,"minecraft:spyglass":338,"minecraft:dirt":404,"minecraft:hopper":4,"minecraft:cobblestone_wall":89,"minecraft:diamond_helmet":2,"minecraft:iron_hoe":160,"minecraft:wooden_axe":41,"minecraft:chipped_anvil":2,"minecraft:totem_of_undying":1,"minecraft:diamond_chestplate":6,"minecraft:glowstone":1,"minecraft:golden_carrot":2,"minecraft:minecart":33,"minecraft:observer":9,"minecraft:cooked_beef":25,"minecraft:cobbled_deepslate":500,"minecraft:iron_leggings":1,"minecraft:cooked_mutton":39,"minecraft:water_bucket":84,"minecraft:cobblestone_stairs":5,"minecraft:birch_planks":6,"minecraft:baked_potato":26,"minecraft:glow_ink_sac":1,"minecraft:stonecutter":1,"minecraft:cobblestone_slab":6,"minecraft:rail":347,"minecraft:crimson_trapdoor":37,"minecraft:crafting_table":7,"minecraft:red_mushroom":1,"minecraft:white_bed":19,"minecraft:cake":1,"minecraft:piston":28,"minecraft:diamond_pickaxe":6450,"minecraft:apple":3,"minecraft:diamond_shovel":894,"minecraft:ominous_trial_key":2,"minecraft:wind_charge":6,"minecraft:iron_pickaxe":251,"minecraft:crimson_sign":10,"minecraft:stone_axe":199,"minecraft:cobblestone":479,"minecraft:potion":2,"minecraft:purple_bed":11,"minecraft:cobbled_deepslate_slab":2,"minecraft:porkchop":6,"minecraft:cooked_porkchop":19,"minecraft:bucket":127,"minecraft:diamond_leggings":6},"minecraft:mined":{"minecraft:waxed_cut_copper_slab":1,"minecraft:white_bed":16,"minecraft:farmland":1,"minecraft:cobblestone_stairs":5,"minecraft:granite":28,"minecraft:potted_dead_bush":3,"minecraft:cave_vines_plant":2,"minecraft:budding_amethyst":17,"minecraft:crimson_trapdoor":10,"minecraft:grass_block":86,"minecraft:cracked_polished_blackstone_bricks":13,"minecraft:soul_soil":1,"minecraft:chiseled_tuff_bricks":5,"minecraft:composter":3,"minecraft:oak_wall_sign":6,"minecraft:nether_wart":43,"minecraft:tuff_bricks":15,"minecraft:tall_seagrass":1,"minecraft:polished_blackstone_bricks":17,"minecraft:weeping_vines_plant":7,"minecraft:magma_block":6,"minecraft:glowstone":30,"minecraft:cobbled_deepslate":194,"minecraft:iron_ore":69,"minecraft:fire":10,"minecraft:polished_tuff":2,"minecraft:pumpkin":2,"minecraft:deepslate_lapis_ore":3,"minecraft:azure_bluet":1,"minecraft:twisting_vines":4,"minecraft:pointed_dripstone":9,"minecraft:cave_vines":7,"minecraft:oak_sign":3,"minecraft:dirt_path":42,"minecraft:small_amethyst_bud":1,"minecraft:polished_tuff_slab":1,"minecraft:deepslate_redstone_ore":20,"minecraft:blackstone":26,"minecraft:medium_amethyst_bud":2,"minecraft:crimson_nylium":11,"minecraft:amethyst_cluster":10,"minecraft:torch":8,"minecraft:poppy":1,"minecraft:blast_furnace":2,"minecraft:calcite":21,"minecraft:chest":9,"minecraft:glass":2,"minecraft:nether_quartz_ore":67,"minecraft:cobblestone":246,"minecraft:grindstone":1,"minecraft:oak_planks":3,"minecraft:sugar_cane":38,"minecraft:waxed_chiseled_copper":4,"minecraft:wall_torch":3,"minecraft:amethyst_block":215,"minecraft:seagrass":2,"minecraft:red_candle":4,"minecraft:warped_nylium":1,"minecraft:powered_rail":7,"minecraft:nether_wart_block":3,"minecraft:light_gray_stained_glass":1,"minecraft:birch_log":90,"minecraft:wheat":12,"minecraft:waxed_copper_block":5,"minecraft:oak_log":145,"minecraft:waxed_oxidized_copper":4,"minecraft:birch_button":3,"minecraft:loom":2,"minecraft:sand":170,"minecraft:dirt":313,"minecraft:smooth_basalt":8,"minecraft:stonecutter":1,"minecraft:netherrack":3161,"minecraft:ancient_debris":26,"minecraft:piston":12,"minecraft:oak_leaves":25,"minecraft:deepslate":1028,"minecraft:nether_gold_ore":46,"minecraft:diamond_ore":8,"minecraft:tuff":103,"minecraft:mossy_cobblestone":4,"minecraft:deepslate_diamond_ore":197,"minecraft:crafter":3,"minecraft:glow_lichen":1,"minecraft:nether_bricks":348,"minecraft:decorated_pot":5,"minecraft:crimson_roots":6,"minecraft:weeping_vines":2,"minecraft:redstone_wire":15,"minecraft:spruce_leaves":25,"minecraft:crimson_stem":58,"minecraft:large_fern":19,"minecraft:furnace":2,"minecraft:waxed_copper_grate":8,"minecraft:andesite":17,"minecraft:gold_block":1,"minecraft:bell":4,"minecraft:potatoes":93,"minecraft:deepslate_iron_ore":8,"minecraft:cobblestone_slab":1,"minecraft:rail":192,"minecraft:stripped_oak_log":2,"minecraft:stone":503,"minecraft:bone_block":17,"minecraft:redstone_wall_torch":1,"minecraft:podzol":2,"minecraft:waxed_exposed_copper_bulb":1,"minecraft:soul_sand":21,"minecraft:basalt":55,"minecraft:observer":5,"minecraft:spruce_door":4,"minecraft:oak_fence":2,"minecraft:crafting_table":9,"minecraft:short_grass":123,"minecraft:copper_ore":14,"minecraft:tall_grass":30,"minecraft:deepslate_gold_ore":35,"minecraft:lapis_ore":16,"minecraft:diorite":6,"minecraft:blue_bed":5,"minecraft:spruce_stairs":4,"minecraft:purple_bed":10,"minecraft:birch_planks":6,"minecraft:cobblestone_wall":13,"minecraft:waxed_oxidized_copper_grate":1,"minecraft:redstone_torch":6,"minecraft:sweet_berry_bush":4,"minecraft:weathered_copper_grate":1,"minecraft:birch_leaves":9,"minecraft:coal_ore":243,"minecraft:flower_pot":1,"minecraft:gravel":104,"minecraft:chipped_anvil":2,"minecraft:fern":3},"minecraft:picked_up":{"minecraft:iron_chestplate":1,"minecraft:wheat":11,"minecraft:flower_pot":4,"minecraft:diamond_sword":3,"minecraft:birch_button":3,"minecraft:enchanted_book":1,"minecraft:potion":4,"minecraft:gilded_blackstone":3,"minecraft:golden_sword":3,"minecraft:amethyst_block":449,"minecraft:soul_soil":1,"minecraft:string":64,"minecraft:raw_copper":39,"minecraft:red_candle":14,"minecraft:netherite_ingot":5,"minecraft:oak_sign":4,"minecraft:activator_rail":2,"minecraft:diamond_leggings":12,"minecraft:gold_nugget":197,"minecraft:cobbled_deepslate":1316,"minecraft:bucket":4,"minecraft:trial_key":21,"minecraft:redstone_torch":9,"minecraft:cobblestone_slab":1,"minecraft:calcite":22,"minecraft:netherite_upgrade_smithing_template":3,"minecraft:iron_pickaxe":1,"minecraft:crimson_sign":2,"minecraft:iron_boots":1,"minecraft:furnace":2,"minecraft:tipped_arrow":28,"minecraft:stick":91,"minecraft:composter":3,"minecraft:oak_fence":1,"minecraft:torch":268,"minecraft:spruce_stairs":4,"minecraft:porkchop":26,"minecraft:waxed_copper_grate":4,"minecraft:pointed_dripstone":19,"minecraft:diorite":8,"minecraft:rotten_flesh":79,"minecraft:iron_block":1,"minecraft:blaze_rod":2,"minecraft:cobblestone":820,"minecraft:birch_log":97,"minecraft:magma_block":26,"minecraft:feather":9,"minecraft:cooked_beef":1,"minecraft:magma_cream":4,"minecraft:water_bucket":8,"minecraft:andesite":27,"minecraft:brown_wool":1,"minecraft:golden_leggings":1,"minecraft:potato":273,"minecraft:flint":11,"minecraft:tuff":92,"minecraft:lapis_lazuli":190,"minecraft:dirt":775,"minecraft:name_tag":5,"minecraft:twisting_vines":2,"minecraft:bone":84,"minecraft:chipped_anvil":2,"minecraft:stonecutter":1,"minecraft:bow":8,"minecraft:wheat_seeds":55,"minecraft:raw_gold":40,"minecraft:cobbled_deepslate_slab":2,"minecraft:bell":5,"minecraft:grindstone":1,"minecraft:diamond_helmet":8,"minecraft:glowstone_dust":74,"minecraft:powered_rail":12,"minecraft:oak_planks":125,"minecraft:poisonous_potato":1,"minecraft:sand":167,"minecraft:dead_bush":3,"minecraft:loom":2,"minecraft:mossy_cobblestone":4,"minecraft:weathered_copper_grate":1,"minecraft:sugar":1,"minecraft:diamond":340,"minecraft:cracked_polished_blackstone_bricks":9,"minecraft:granite":30,"minecraft:crossbow":7,"minecraft:breeze_rod":4,"minecraft:bone_meal":10,"minecraft:spruce_sign":1,"minecraft:golden_apple":3,"minecraft:bread":37,"minecraft:emerald":37,"minecraft:oak_sapling":4,"minecraft:netherrack":3378,"minecraft:ominous_trial_key":3,"minecraft:crimson_roots":4,"minecraft:diamond_pickaxe":14,"minecraft:waxed_oxidized_cut_copper":3,"minecraft:crafting_table":10,"minecraft:ominous_bottle":6,"minecraft:chicken":6,"minecraft:nether_wart":66,"minecraft:chest_minecart":3,"minecraft:wooden_pickaxe":1,"minecraft:gold_block":1,"minecraft:crimson_trapdoor":10,"minecraft:brick":38,"minecraft:shield":16,"minecraft:wind_charge":25,"minecraft:blackstone":31,"minecraft:detector_rail":6,"minecraft:beef":42,"minecraft:oak_boat":38,"minecraft:chiseled_tuff":1,"minecraft:observer":5,"minecraft:iron_nugget":3,"minecraft:poppy":2,"minecraft:light_gray_wool":1,"minecraft:minecart":31,"minecraft:sugar_cane":58,"minecraft:chest":8,"minecraft:birch_sapling":4,"minecraft:waxed_oxidized_copper":7,"minecraft:piston":12,"minecraft:phantom_membrane":1,"minecraft:egg":6,"minecraft:raw_iron":95,"minecraft:polished_blackstone_bricks":16,"minecraft:carrot":1,"minecraft:redstone":148,"minecraft:brown_dye":1,"minecraft:arrow":64,"minecraft:weeping_vines":4,"minecraft:diamond_chestplate":9,"minecraft:pumpkin_pie":1,"minecraft:nether_bricks":334,"minecraft:diamond_boots":8,"minecraft:saddle":8,"minecraft:flow_armor_trim_smithing_template":1,"minecraft:gold_ingot":2,"minecraft:totem_of_undying":3,"minecraft:tuff_bricks":11,"minecraft:glow_berries":5,"minecraft:mutton":45,"minecraft:rail":286,"minecraft:white_wool":28,"minecraft:bone_block":15,"minecraft:basalt":55,"minecraft:golden_carrot":6,"minecraft:crimson_stem":62,"minecraft:glow_ink_sac":8,"minecraft:salmon":2,"minecraft:fern":2,"minecraft:leather":27,"minecraft:red_glazed_terracotta":2,"minecraft:red_mushroom":2,"minecraft:crafter":3,"minecraft:birch_planks":29,"minecraft:waxed_copper_bulb":1,"minecraft:oak_log":165,"minecraft:waxed_copper_block":7,"minecraft:ancient_debris":33,"minecraft:gunpowder":7,"minecraft:golden_boots":3,"minecraft:nether_wart_block":4,"minecraft:cobblestone_wall":12,"minecraft:cobblestone_stairs":5,"minecraft:blue_bed":5,"minecraft:white_banner":14,"minecraft:cooked_mutton":10,"minecraft:iron_ingot":38,"minecraft:stone_pickaxe":13,"minecraft:polished_tuff_slab":1,"minecraft:cooked_chicken":6,"minecraft:iron_sword":10,"minecraft:soul_sand":22,"minecraft:smooth_basalt":8,"minecraft:pumpkin":2,"minecraft:sweet_berries":13,"minecraft:waxed_exposed_copper_bulb":1,"minecraft:quartz":83,"minecraft:spyglass":6,"minecraft:gravel":105,"minecraft:lava_bucket":7,"minecraft:amethyst_shard":41,"minecraft:spruce_sapling":6,"minecraft:blast_furnace":2,"minecraft:white_bed":13,"minecraft:polished_tuff":4,"minecraft:spider_eye":20,"minecraft:spruce_door":7,"minecraft:diamond_shovel":1,"minecraft:pumpkin_seeds":28,"minecraft:purple_bed":11,"minecraft:stone_axe":5,"minecraft:iron_helmet":1,"minecraft:diamond_axe":21,"minecraft:gray_wool":3,"minecraft:baked_potato":80,"minecraft:black_wool":2,"minecraft:chiseled_tuff_bricks":4,"minecraft:coal":259},"minecraft:dropped":{"minecraft:nether_brick_stairs":8,"minecraft:iron_sword":1,"minecraft:birch_planks":32,"minecraft:diamond_axe":11,"minecraft:ominous_bottle":1,"minecraft:cooked_beef":41,"minecraft:glow_ink_sac":1,"minecraft:oak_log":85,"minecraft:baked_potato":11,"minecraft:glass_bottle":1,"minecraft:diamond":175,"minecraft:crafting_table":2,"minecraft:cooked_porkchop":9,"minecraft:netherite_upgrade_smithing_template":8,"minecraft:weeping_vines":2,"minecraft:glow_berries":5,"minecraft:leather":3,"minecraft:rail":1,"minecraft:emerald":4,"minecraft:red_mushroom":1,"minecraft:cobblestone_stairs":1,"minecraft:flint":7,"minecraft:dirt":17,"minecraft:netherite_scrap":36,"minecraft:mutton":1,"minecraft:crimson_roots":1,"minecraft:pumpkin_pie":2,"minecraft:gold_nugget":64,"minecraft:sand":165,"minecraft:sugar":1,"minecraft:iron_pickaxe":1,"minecraft:birch_log":7,"minecraft:white_wool":12,"minecraft:gold_ingot":44,"minecraft:bone":9,"minecraft:gravel":76,"minecraft:red_glazed_terracotta":2,"minecraft:stone_axe":1,"minecraft:blackstone":30,"minecraft:spyglass":2,"minecraft:chiseled_tuff_bricks":4,"minecraft:cooked_chicken":4,"minecraft:cobbled_deepslate":10,"minecraft:rotten_flesh":25,"minecraft:oak_planks":103,"minecraft:diamond_shovel":1,"minecraft:glowstone_dust":64,"minecraft:honey_bottle":1,"minecraft:cooked_mutton":29,"minecraft:white_bed":1,"minecraft:carrot":1,"minecraft:waxed_copper_block":7,"minecraft:poppy":1,"minecraft:birch_button":1,"minecraft:netherrack":465,"minecraft:water_bucket":2,"minecraft:golden_boots":1,"minecraft:bread":6,"minecraft:mossy_cobblestone":1,"minecraft:diamond_leggings":3,"minecraft:feather":4,"minecraft:cobblestone":27,"minecraft:iron_helmet":1,"minecraft:polished_tuff":2,"minecraft:amethyst_block":220,"minecraft:waxed_copper_grate":4,"minecraft:granite":25,"minecraft:spruce_door":2,"minecraft:ominous_trial_key":1,"minecraft:flow_armor_trim_smithing_template":1,"minecraft:golden_apple":2,"minecraft:stick":70,"minecraft:lava_bucket":1,"minecraft:gray_wool":4,"minecraft:diorite":4,"minecraft:golden_carrot":4,"minecraft:torch":221,"minecraft:diamond_helmet":4,"minecraft:waxed_oxidized_copper":2,"minecraft:potion":1,"minecraft:iron_leggings":1,"minecraft:dead_bush":3,"minecraft:white_banner":1,"minecraft:spruce_sapling":1,"minecraft:string":1,"minecraft:bucket":3,"minecraft:bamboo_planks":1,"minecraft:tuff_bricks":1,"minecraft:soul_soil":1,"minecraft:netherite_ingot":1,"minecraft:raw_copper":5,"minecraft:polished_tuff_slab":1,"minecraft:tuff":2,"minecraft:raw_iron":2,"minecraft:chicken":1,"minecraft:light_gray_wool":1,"minecraft:iron_boots":1,"minecraft:name_tag":2,"minecraft:cobbled_deepslate_slab":2,"minecraft:nether_bricks":326,"minecraft:diamond_sword":5,"minecraft:shield":3,"minecraft:flower_pot":4,"minecraft:trial_key":17,"minecraft:diamond_chestplate":5,"minecraft:diamond_pickaxe":7,"minecraft:iron_chestplate":1,"minecraft:andesite":2,"minecraft:oak_boat":3,"minecraft:oak_sapling":3,"minecraft:waxed_oxidized_cut_copper":3,"minecraft:diamond_boots":4,"minecraft:spider_eye":13,"minecraft:spruce_log":8,"minecraft:stone_pickaxe":5,"minecraft:bow":3,"minecraft:magma_cream":2,"minecraft:magma_block":25,"minecraft:black_wool":1},"minecraft:killed_by":{"minecraft:ghast":2,"minecraft:zombified_piglin":1,"minecraft:piglin_brute":1,"minecraft:creeper":1,"minecraft:ravager":2,"minecraft:vindicator":7,"minecraft:piglin":1,"minecraft:zombie":1,"minecraft:vex":7,"minecraft:player":1,"minecraft:skeleton":1},"minecraft:crafted":{"minecraft:oak_planks":324,"minecraft:cobblestone_slab":6,"minecraft:oak_sign":15,"minecraft:cooked_chicken":6,"minecraft:crimson_sign":18,"minecraft:sand":56,"minecraft:stone":7,"minecraft:cobblestone_stairs":2,"minecraft:diamond_shovel":1,"minecraft:cooked_mutton":51,"minecraft:glass":75,"minecraft:hopper":4,"minecraft:diamond_helmet":5,"minecraft:diamond_leggings":5,"minecraft:chest":14,"minecraft:netherite_upgrade_smithing_template":18,"minecraft:rail":128,"minecraft:birch_button":28,"minecraft:golden_sword":2,"minecraft:golden_boots":2,"minecraft:dropper":1,"minecraft:cooked_porkchop":28,"minecraft:diamond_axe":1,"minecraft:crafting_table":4,"minecraft:spruce_planks":60,"minecraft:wooden_pickaxe":1,"minecraft:baked_potato":48,"minecraft:smithing_table":1,"minecraft:copper_ingot":28,"minecraft:birch_planks":204,"minecraft:brewing_stand":1,"minecraft:charcoal":16,"minecraft:diamond_pickaxe":7,"minecraft:shield":4,"minecraft:crafter":1,"minecraft:stick":304,"minecraft:iron_ingot":153,"minecraft:iron_pickaxe":1,"minecraft:iron_block":46,"minecraft:gold_ingot":42,"minecraft:redstone_torch":15,"minecraft:cobbled_deepslate_slab":2,"minecraft:spyglass":2,"minecraft:crimson_trapdoor":28,"minecraft:furnace":3,"minecraft:piston":16,"minecraft:bone_meal":735,"minecraft:flint_and_steel":1,"minecraft:iron_hoe":1,"minecraft:stone_pickaxe":4,"minecraft:cobblestone_wall":36,"minecraft:diamond_boots":5,"minecraft:netherite_scrap":33,"minecraft:minecart":6,"minecraft:observer":4,"minecraft:cooked_beef":56,"minecraft:crimson_planks":248,"minecraft:diamond_sword":2,"minecraft:powered_rail":18,"minecraft:iron_sword":1,"minecraft:bucket":2,"minecraft:stone_axe":1,"minecraft:glowstone":1,"minecraft:air":0,"minecraft:oak_boat":5,"minecraft:gold_nugget":1,"minecraft:wooden_axe":1,"minecraft:anvil":1,"minecraft:white_bed":6,"minecraft:torch":216,"minecraft:diamond_chestplate":4}},"DataVersion":3953}