{"stats":{"minecraft:killed_by":{"minecraft:creeper":1,"minecraft:ravager":2,"minecraft:vindicator":7,"minecraft:zombie":1,"minecraft:vex":7,"minecraft:skeleton":1},"minecraft:used":{"minecraft:oak_sign":21,"minecraft:chest":9,"minecraft:shield":27,"minecraft:iron_sword":15,"minecraft:bell":4,"minecraft:rotten_flesh":12,"minecraft:iron_chestplate":1,"minecraft:soul_sand":1,"minecraft:crafter":4,"minecraft:glass":33,"minecraft:waxed_oxidized_copper":2,"minecraft:lava_bucket":40,"minecraft:waxed_exposed_copper_bulb":1,"minecraft:birch_button":3,"minecraft:ominous_bottle":1,"minecraft:furnace":5,"minecraft:egg":6,"minecraft:golden_boots":2,"minecraft:diamond_boots":4,"minecraft:oak_planks":1,"minecraft:stone_pickaxe":490,"minecraft:powered_rail":24,"minecraft:wooden_pickaxe":34,"minecraft:sugar_cane":29,"minecraft:diamond_axe":717,"minecraft:golden_apple":1,"minecraft:glow_berries":6,"minecraft:loom":2,"minecraft:blast_furnace":2,"minecraft:crossbow":48,"minecraft:redstone_torch":19,"minecraft:bread":27,"minecraft:grindstone":1,"minecraft:birch_log":2,"minecraft:oak_boat":15,"minecraft:chest_minecart":1,"minecraft:flint_and_steel":1,"minecraft:redstone":40,"minecraft:cooked_chicken":8,"minecraft:netherrack":560,"minecraft:trial_key":4,"minecraft:torch":53,"minecraft:anvil":1,"minecraft:spyglass":258,"minecraft:dirt":293,"minecraft:hopper":4,"minecraft:cobblestone_wall":89,"minecraft:diamond_helmet":2,"minecraft:wooden_axe":41,"minecraft:chipped_anvil":2,"minecraft:diamond_chestplate":6,"minecraft:minecart":22,"minecraft:observer":9,"minecraft:cooked_beef":10,"minecraft:cobbled_deepslate":475,"minecraft:iron_leggings":1,"minecraft:cooked_mutton":35,"minecraft:water_bucket":79,"minecraft:cobblestone_stairs":5,"minecraft:birch_planks":6,"minecraft:baked_potato":23,"minecraft:stonecutter":1,"minecraft:cobblestone_slab":6,"minecraft:rail":327,"minecraft:crafting_table":4,"minecraft:red_mushroom":1,"minecraft:white_bed":6,"minecraft:cake":1,"minecraft:piston":20,"minecraft:diamond_pickaxe":2664,"minecraft:apple":3,"minecraft:diamond_shovel":255,"minecraft:ominous_trial_key":2,"minecraft:wind_charge":6,"minecraft:iron_pickaxe":251,"minecraft:crimson_sign":8,"minecraft:stone_axe":199,"minecraft:cobblestone":423,"minecraft:potion":2,"minecraft:purple_bed":4,"minecraft:cobbled_deepslate_slab":2,"minecraft:cooked_porkchop":15,"minecraft:bucket":119,"minecraft:diamond_leggings":6},"minecraft:custom":{"minecraft:interact_with_crafting_table":102,"minecraft:open_barrel":14,"minecraft:bell_ring":44,"minecraft:eat_cake_slice":4,"minecraft:leave_game":9,"minecraft:time_since_death":148616,"minecraft:sprint_one_cm":905819,"minecraft:damage_blocked_by_shield":1876,"minecraft:drop":198,"minecraft:talked_to_villager":14,"minecraft:play_time":921489,"minecraft:deaths":23,"minecraft:jump":7490,"minecraft:walk_on_water_one_cm":112820,"minecraft:interact_with_furnace":122,"minecraft:traded_with_villager":7,"minecraft:interact_with_loom":1,"minecraft:sleep_in_bed":24,"minecraft:damage_dealt":39820,"minecraft:crouch_one_cm":85850,"minecraft:inspect_dispenser":13,"minecraft:mob_kills":246,"minecraft:interact_with_anvil":3,"minecraft:inspect_hopper":1,"minecraft:climb_one_cm":4438,"minecraft:walk_one_cm":2471055,"minecraft:raid_win":1,"minecraft:sneak_time":30016,"minecraft:walk_under_water_one_cm":50245,"minecraft:boat_one_cm":96538,"minecraft:interact_with_blast_furnace":27,"minecraft:total_world_time":921489,"minecraft:interact_with_grindstone":7,"minecraft:interact_with_stonecutter":6,"minecraft:time_since_rest":1836,"minecraft:damage_taken":15279,"minecraft:damage_absorbed":39,"minecraft:minecart_one_cm":84306,"minecraft:swim_one_cm":46629,"minecraft:fly_one_cm":1111765,"minecraft:open_chest":367,"minecraft:fall_one_cm":202398},"minecraft:killed":{"minecraft:cave_spider":9,"minecraft:zombified_piglin":2,"minecraft:witch":1,"minecraft:spider":25,"minecraft:skeleton":30,"minecraft:chicken":6,"minecraft:silverfish":4,"minecraft:piglin":3,"minecraft:pig":6,"minecraft:zombie_villager":1,"minecraft:creeper":2,"minecraft:sheep":23,"minecraft:pillager":10,"minecraft:zombie":68,"minecraft:glow_squid":1,"minecraft:cow":17,"minecraft:vex":2,"minecraft:bogged":17,"minecraft:vindicator":3,"minecraft:phantom":1,"minecraft:drowned":1,"minecraft:ravager":2,"minecraft:hoglin":2,"minecraft:breeze":2,"minecraft:enderman":1},"minecraft:dropped":{"minecraft:iron_sword":1,"minecraft:diamond_axe":7,"minecraft:ominous_bottle":1,"minecraft:cooked_beef":24,"minecraft:oak_log":85,"minecraft:baked_potato":7,"minecraft:glass_bottle":1,"minecraft:diamond":47,"minecraft:cooked_porkchop":9,"minecraft:glow_berries":4,"minecraft:leather":3,"minecraft:red_mushroom":1,"minecraft:emerald":4,"minecraft:cobblestone_stairs":1,"minecraft:dirt":17,"minecraft:mutton":1,"minecraft:sugar":1,"minecraft:iron_pickaxe":1,"minecraft:birch_log":7,"minecraft:white_wool":6,"minecraft:bone":7,"minecraft:gravel":1,"minecraft:red_glazed_terracotta":2,"minecraft:spyglass":1,"minecraft:cooked_chicken":4,"minecraft:cobbled_deepslate":2,"minecraft:chiseled_tuff_bricks":4,"minecraft:rotten_flesh":4,"minecraft:oak_planks":39,"minecraft:glowstone_dust":64,"minecraft:cooked_mutton":13,"minecraft:honey_bottle":1,"minecraft:carrot":1,"minecraft:waxed_copper_block":7,"minecraft:water_bucket":2,"minecraft:golden_boots":1,"minecraft:bread":6,"minecraft:diamond_leggings":1,"minecraft:feather":4,"minecraft:cobblestone":27,"minecraft:iron_helmet":1,"minecraft:waxed_copper_grate":4,"minecraft:polished_tuff":2,"minecraft:amethyst_block":220,"minecraft:ominous_trial_key":1,"minecraft:golden_apple":2,"minecraft:flow_armor_trim_smithing_template":1,"minecraft:stick":16,"minecraft:diorite":4,"minecraft:golden_carrot":4,"minecraft:torch":169,"minecraft:diamond_helmet":2,"minecraft:waxed_oxidized_copper":2,"minecraft:potion":1,"minecraft:dead_bush":3,"minecraft:iron_leggings":1,"minecraft:white_banner":1,"minecraft:string":1,"minecraft:bucket":1,"minecraft:bamboo_planks":1,"minecraft:tuff_bricks":1,"minecraft:soul_soil":1,"minecraft:polished_tuff_slab":1,"minecraft:tuff":2,"minecraft:raw_iron":2,"minecraft:light_gray_wool":1,"minecraft:iron_boots":1,"minecraft:name_tag":2,"minecraft:cobbled_deepslate_slab":2,"minecraft:diamond_sword":3,"minecraft:shield":3,"minecraft:flower_pot":4,"minecraft:trial_key":17,"minecraft:diamond_chestplate":1,"minecraft:diamond_pickaxe":3,"minecraft:iron_chestplate":1,"minecraft:oak_boat":3,"minecraft:oak_sapling":1,"minecraft:spider_eye":5,"minecraft:diamond_boots":2,"minecraft:spruce_log":8,"minecraft:stone_pickaxe":3,"minecraft:bow":1},"minecraft:picked_up":{"minecraft:iron_chestplate":1,"minecraft:wheat":6,"minecraft:flower_pot":4,"minecraft:diamond_sword":2,"minecraft:potion":4,"minecraft:enchanted_book":1,"minecraft:amethyst_block":449,"minecraft:raw_copper":34,"minecraft:string":64,"minecraft:soul_soil":1,"minecraft:red_candle":14,"minecraft:oak_sign":4,"minecraft:activator_rail":2,"minecraft:diamond_leggings":11,"minecraft:gold_nugget":91,"minecraft:cobbled_deepslate":906,"minecraft:bucket":3,"minecraft:trial_key":21,"minecraft:redstone_torch":8,"minecraft:cobblestone_slab":1,"minecraft:calcite":22,"minecraft:iron_pickaxe":1,"minecraft:crimson_sign":2,"minecraft:iron_boots":1,"minecraft:furnace":2,"minecraft:tipped_arrow":28,"minecraft:stick":36,"minecraft:oak_fence":1,"minecraft:torch":212,"minecraft:porkchop":17,"minecraft:pointed_dripstone":19,"minecraft:waxed_copper_grate":4,"minecraft:diorite":8,"minecraft:rotten_flesh":51,"minecraft:iron_block":1,"minecraft:cobblestone":743,"minecraft:birch_log":88,"minecraft:magma_block":1,"minecraft:feather":9,"minecraft:cooked_beef":1,"minecraft:water_bucket":8,"minecraft:andesite":25,"minecraft:brown_wool":1,"minecraft:potato":13,"minecraft:flint":2,"minecraft:tuff":79,"minecraft:lapis_lazuli":183,"minecraft:dirt":406,"minecraft:name_tag":5,"minecraft:bone":58,"minecraft:chipped_anvil":2,"minecraft:bow":8,"minecraft:stonecutter":1,"minecraft:wheat_seeds":30,"minecraft:raw_gold":40,"minecraft:cobbled_deepslate_slab":2,"minecraft:bell":5,"minecraft:grindstone":1,"minecraft:diamond_helmet":7,"minecraft:glowstone_dust":74,"minecraft:powered_rail":11,"minecraft:oak_planks":125,"minecraft:loom":2,"minecraft:dead_bush":3,"minecraft:mossy_cobblestone":2,"minecraft:weathered_copper_grate":1,"minecraft:sugar":1,"minecraft:diamond":138,"minecraft:breeze_rod":4,"minecraft:crossbow":7,"minecraft:granite":30,"minecraft:bone_meal":7,"minecraft:golden_apple":3,"minecraft:emerald":37,"minecraft:bread":37,"minecraft:oak_sapling":2,"minecraft:netherrack":705,"minecraft:ominous_trial_key":3,"minecraft:crimson_roots":3,"minecraft:diamond_pickaxe":12,"minecraft:waxed_oxidized_cut_copper":3,"minecraft:crafting_table":3,"minecraft:ominous_bottle":6,"minecraft:chicken":5,"minecraft:chest_minecart":3,"minecraft:wooden_pickaxe":1,"minecraft:brick":38,"minecraft:shield":16,"minecraft:wind_charge":25,"minecraft:detector_rail":6,"minecraft:beef":32,"minecraft:oak_boat":21,"minecraft:chiseled_tuff":1,"minecraft:observer":5,"minecraft:iron_nugget":3,"minecraft:poppy":1,"minecraft:light_gray_wool":1,"minecraft:minecart":21,"minecraft:sugar_cane":48,"minecraft:chest":2,"minecraft:birch_sapling":4,"minecraft:piston":4,"minecraft:waxed_oxidized_copper":7,"minecraft:egg":6,"minecraft:raw_iron":93,"minecraft:carrot":1,"minecraft:redstone":120,"minecraft:brown_dye":1,"minecraft:arrow":62,"minecraft:weeping_vines":1,"minecraft:diamond_chestplate":6,"minecraft:diamond_boots":7,"minecraft:totem_of_undying":3,"minecraft:gold_ingot":2,"minecraft:saddle":8,"minecraft:flow_armor_trim_smithing_template":1,"minecraft:tuff_bricks":11,"minecraft:bone_block":15,"minecraft:glow_berries":4,"minecraft:mutton":34,"minecraft:rail":267,"minecraft:white_wool":25,"minecraft:golden_carrot":4,"minecraft:glow_ink_sac":7,"minecraft:crimson_stem":15,"minecraft:leather":20,"minecraft:red_glazed_terracotta":2,"minecraft:red_mushroom":2,"minecraft:crafter":3,"minecraft:birch_planks":29,"minecraft:waxed_copper_bulb":1,"minecraft:oak_log":140,"minecraft:waxed_copper_block":7,"minecraft:cobblestone_wall":7,"minecraft:golden_boots":2,"minecraft:nether_wart_block":1,"minecraft:gunpowder":7,"minecraft:cobblestone_stairs":5,"minecraft:white_banner":14,"minecraft:cooked_mutton":8,"minecraft:polished_tuff_slab":1,"minecraft:stone_pickaxe":13,"minecraft:iron_ingot":38,"minecraft:cooked_chicken":6,"minecraft:iron_sword":10,"minecraft:soul_sand":1,"minecraft:smooth_basalt":8,"minecraft:sweet_berries":13,"minecraft:quartz":31,"minecraft:waxed_exposed_copper_bulb":1,"minecraft:spyglass":5,"minecraft:gravel":12,"minecraft:lava_bucket":6,"minecraft:amethyst_shard":41,"minecraft:spruce_sapling":2,"minecraft:blast_furnace":2,"minecraft:white_bed":3,"minecraft:polished_tuff":4,"minecraft:spider_eye":14,"minecraft:spruce_door":2,"minecraft:pumpkin_seeds":13,"minecraft:purple_bed":4,"minecraft:stone_axe":5,"minecraft:iron_helmet":1,"minecraft:diamond_axe":18,"minecraft:gray_wool":1,"minecraft:baked_potato":80,"minecraft:black_wool":1,"minecraft:coal":232,"minecraft:chiseled_tuff_bricks":4},"minecraft:broken":{"minecraft:stone_pickaxe":3,"minecraft:stone_axe":2,"minecraft:wooden_axe":1,"minecraft:iron_pickaxe":1},"minecraft:crafted":{"minecraft:oak_planks":224,"minecraft:cobblestone_slab":6,"minecraft:oak_sign":15,"minecraft:crimson_sign":6,"minecraft:cooked_chicken":6,"minecraft:sand":56,"minecraft:cobblestone_stairs":2,"minecraft:diamond_shovel":1,"minecraft:cooked_mutton":33,"minecraft:glass":64,"minecraft:hopper":4,"minecraft:diamond_helmet":3,"minecraft:diamond_leggings":2,"minecraft:chest":12,"minecraft:rail":128,"minecraft:birch_button":4,"minecraft:golden_boots":2,"minecraft:dropper":1,"minecraft:cooked_porkchop":24,"minecraft:diamond_axe":1,"minecraft:crafting_table":2,"minecraft:spruce_planks":60,"minecraft:wooden_pickaxe":1,"minecraft:baked_potato":26,"minecraft:copper_ingot":28,"minecraft:birch_planks":168,"minecraft:diamond_pickaxe":3,"minecraft:charcoal":16,"minecraft:shield":4,"minecraft:stick":264,"minecraft:crafter":1,"minecraft:iron_ingot":153,"minecraft:iron_pickaxe":1,"minecraft:iron_block":3,"minecraft:gold_ingot":21,"minecraft:redstone_torch":15,"minecraft:cobbled_deepslate_slab":2,"minecraft:spyglass":2,"minecraft:furnace":3,"minecraft:piston":16,"minecraft:bone_meal":128,"minecraft:flint_and_steel":1,"minecraft:stone_pickaxe":4,"minecraft:cobblestone_wall":36,"minecraft:diamond_boots":3,"minecraft:observer":4,"minecraft:minecart":6,"minecraft:cooked_beef":34,"minecraft:crimson_planks":60,"minecraft:diamond_sword":1,"minecraft:powered_rail":18,"minecraft:iron_sword":1,"minecraft:bucket":2,"minecraft:stone_axe":1,"minecraft:air":0,"minecraft:oak_boat":5,"minecraft:wooden_axe":1,"minecraft:anvil":1,"minecraft:white_bed":2,"minecraft:torch":216,"minecraft:diamond_chestplate":3},"minecraft:mined":{"minecraft:waxed_cut_copper_slab":1,"minecraft:white_bed":7,"minecraft:cobblestone_stairs":5,"minecraft:potted_dead_bush":3,"minecraft:cave_vines_plant":2,"minecraft:granite":28,"minecraft:budding_amethyst":17,"minecraft:grass_block":19,"minecraft:soul_soil":1,"minecraft:chiseled_tuff_bricks":5,"minecraft:oak_wall_sign":6,"minecraft:tuff_bricks":15,"minecraft:tall_seagrass":1,"minecraft:weeping_vines_plant":2,"minecraft:magma_block":1,"minecraft:glowstone":21,"minecraft:iron_ore":69,"minecraft:cobbled_deepslate":159,"minecraft:fire":10,"minecraft:polished_tuff":2,"minecraft:deepslate_lapis_ore":2,"minecraft:azure_bluet":1,"minecraft:pointed_dripstone":9,"minecraft:cave_vines":7,"minecraft:oak_sign":3,"minecraft:dirt_path":4,"minecraft:small_amethyst_bud":1,"minecraft:polished_tuff_slab":1,"minecraft:deepslate_redstone_ore":16,"minecraft:crimson_nylium":4,"minecraft:medium_amethyst_bud":2,"minecraft:amethyst_cluster":10,"minecraft:torch":8,"minecraft:blast_furnace":2,"minecraft:calcite":21,"minecraft:chest":2,"minecraft:nether_quartz_ore":35,"minecraft:glass":1,"minecraft:cobblestone":223,"minecraft:grindstone":1,"minecraft:sugar_cane":26,"minecraft:oak_planks":3,"minecraft:waxed_chiseled_copper":4,"minecraft:wall_torch":3,"minecraft:amethyst_block":215,"minecraft:seagrass":2,"minecraft:red_candle":4,"minecraft:powered_rail":6,"minecraft:nether_wart_block":1,"minecraft:light_gray_stained_glass":1,"minecraft:birch_log":82,"minecraft:waxed_copper_block":5,"minecraft:oak_log":122,"minecraft:waxed_oxidized_copper":4,"minecraft:loom":2,"minecraft:dirt":79,"minecraft:smooth_basalt":8,"minecraft:stonecutter":1,"minecraft:netherrack":574,"minecraft:piston":4,"minecraft:oak_leaves":24,"minecraft:deepslate":692,"minecraft:nether_gold_ore":21,"minecraft:diamond_ore":8,"minecraft:tuff":90,"minecraft:mossy_cobblestone":2,"minecraft:deepslate_diamond_ore":131,"minecraft:crafter":3,"minecraft:glow_lichen":1,"minecraft:decorated_pot":5,"minecraft:crimson_roots":3,"minecraft:weeping_vines":1,"minecraft:redstone_wire":12,"minecraft:spruce_leaves":3,"minecraft:crimson_stem":15,"minecraft:large_fern":4,"minecraft:furnace":2,"minecraft:waxed_copper_grate":8,"minecraft:andesite":16,"minecraft:bell":4,"minecraft:cobblestone_slab":1,"minecraft:deepslate_iron_ore":6,"minecraft:rail":175,"minecraft:stripped_oak_log":2,"minecraft:stone":459,"minecraft:bone_block":17,"minecraft:redstone_wall_torch":1,"minecraft:podzol":2,"minecraft:waxed_exposed_copper_bulb":1,"minecraft:soul_sand":1,"minecraft:observer":5,"minecraft:spruce_door":2,"minecraft:oak_fence":2,"minecraft:crafting_table":3,"minecraft:short_grass":96,"minecraft:tall_grass":29,"minecraft:copper_ore":14,"minecraft:deepslate_gold_ore":35,"minecraft:lapis_ore":16,"minecraft:diorite":6,"minecraft:purple_bed":3,"minecraft:birch_planks":6,"minecraft:cobblestone_wall":8,"minecraft:waxed_oxidized_copper_grate":1,"minecraft:redstone_torch":5,"minecraft:sweet_berry_bush":4,"minecraft:weathered_copper_grate":1,"minecraft:birch_leaves":9,"minecraft:coal_ore":209,"minecraft:gravel":9,"minecraft:flower_pot":1,"minecraft:chipped_anvil":2,"minecraft:fern":1}},"DataVersion":3953}