{"stats":{"minecraft:crafted":{"minecraft:smooth_stone":3,"minecraft:oak_sign":15,"minecraft:lever":1,"minecraft:diamond_shovel":1,"minecraft:bookshelf":3,"minecraft:cooked_mutton":90,"minecraft:glass":145,"minecraft:diamond_helmet":5,"minecraft:diamond_leggings":5,"minecraft:emerald":140,"minecraft:cooked_porkchop":28,"minecraft:diamond_axe":1,"minecraft:smithing_table":1,"minecraft:copper_ingot":28,"minecraft:lectern":3,"minecraft:crafter":1,"minecraft:iron_pickaxe":1,"minecraft:iron_block":355,"minecraft:gold_ingot":174,"minecraft:spyglass":2,"minecraft:crimson_trapdoor":38,"minecraft:bone_meal":735,"minecraft:ladder":3,"minecraft:stone_pickaxe":4,"minecraft:diamond_boots":5,"minecraft:redstone_block":1,"minecraft:crossbow":3,"minecraft:crimson_slab":12,"minecraft:glowstone":1,"minecraft:enchanted_book":1,"minecraft:chainmail_boots":8,"minecraft:wooden_axe":1,"minecraft:birch_trapdoor":6,"minecraft:white_bed":14,"minecraft:oak_planks":652,"minecraft:cobblestone_slab":6,"minecraft:crimson_sign":21,"minecraft:cooked_chicken":6,"minecraft:sand":56,"minecraft:stone":10,"minecraft:cobblestone_stairs":2,"minecraft:hopper":12,"minecraft:chest":22,"minecraft:oak_button":1,"minecraft:netherite_upgrade_smithing_template":18,"minecraft:rail":224,"minecraft:birch_button":28,"minecraft:golden_sword":2,"minecraft:golden_boots":2,"minecraft:dropper":1,"minecraft:crafting_table":4,"minecraft:spruce_planks":60,"minecraft:baked_potato":125,"minecraft:wooden_pickaxe":1,"minecraft:brewing_stand":1,"minecraft:birch_planks":232,"minecraft:diamond_pickaxe":9,"minecraft:book":17,"minecraft:paper":291,"minecraft:charcoal":16,"minecraft:shield":4,"minecraft:stick":676,"minecraft:iron_ingot":1116,"minecraft:redstone_torch":40,"minecraft:shears":1,"minecraft:deepslate_tile_slab":44,"minecraft:cobbled_deepslate_slab":2,"minecraft:tripwire_hook":4,"minecraft:blast_furnace":1,"minecraft:piston":16,"minecraft:furnace":4,"minecraft:crimson_button":1,"minecraft:flint_and_steel":1,"minecraft:iron_axe":1,"minecraft:iron_hoe":1,"minecraft:cobblestone_wall":36,"minecraft:netherite_scrap":33,"minecraft:observer":4,"minecraft:minecart":18,"minecraft:cooked_beef":91,"minecraft:crimson_planks":248,"minecraft:diamond_sword":2,"minecraft:powered_rail":60,"minecraft:iron_sword":1,"minecraft:bucket":2,"minecraft:stone_axe":1,"minecraft:air":0,"minecraft:oak_boat":5,"minecraft:gold_nugget":1,"minecraft:crimson_door":3,"minecraft:anvil":1,"minecraft:torch":216,"minecraft:diamond_chestplate":4},"minecraft:mined":{"minecraft:dark_oak_planks":2,"minecraft:white_bed":22,"minecraft:carved_pumpkin":1,"minecraft:potted_dead_bush":3,"minecraft:granite":28,"minecraft:crimson_trapdoor":24,"minecraft:chiseled_tuff_bricks":5,"minecraft:hopper":15,"minecraft:oak_wall_sign":6,"minecraft:nether_wart":43,"minecraft:tall_seagrass":1,"minecraft:polished_blackstone_bricks":17,"minecraft:weeping_vines_plant":7,"minecraft:magma_block":1724,"minecraft:fire":10,"minecraft:cobbled_deepslate":212,"minecraft:pumpkin":2,"minecraft:deepslate_lapis_ore":3,"minecraft:twisting_vines":4,"minecraft:cave_vines":7,"minecraft:oak_sign":3,"minecraft:water_cauldron":4,"minecraft:dirt_path":42,"minecraft:small_amethyst_bud":1,"minecraft:tripwire":12,"minecraft:crimson_nylium":11,"minecraft:deepslate_brick_wall":19,"minecraft:amethyst_cluster":10,"minecraft:deepslate_tile_slab":6,"minecraft:torch":8,"minecraft:blast_furnace":3,"minecraft:glass":20,"minecraft:sugar_cane":62,"minecraft:amethyst_block":215,"minecraft:light_gray_stained_glass":1,"minecraft:wheat":12,"minecraft:waxed_copper_block":5,"minecraft:warped_fungus":1,"minecraft:loom":3,"minecraft:birch_button":3,"minecraft:smooth_basalt":8,"minecraft:stonecutter":4,"minecraft:piston":13,"minecraft:deepslate":1104,"minecraft:mossy_cobblestone":4,"minecraft:crafter":3,"minecraft:nether_bricks":348,"minecraft:crimson_roots":6,"minecraft:redstone_wire":15,"minecraft:crimson_button":1,"minecraft:waxed_copper_grate":8,"minecraft:andesite":25,"minecraft:potatoes":94,"minecraft:cobblestone_slab":1,"minecraft:rail":223,"minecraft:bone_block":17,"minecraft:smithing_table":2,"minecraft:redstone_block":2,"minecraft:soul_sand":21,"minecraft:observer":5,"minecraft:short_grass":138,"minecraft:warped_roots":4,"minecraft:copper_ore":17,"minecraft:tall_grass":34,"minecraft:deepslate_gold_ore":35,"minecraft:diorite":6,"minecraft:warped_wart_block":1,"minecraft:purple_bed":10,"minecraft:cobblestone_wall":13,"minecraft:birch_leaves":9,"minecraft:gravel":105,"minecraft:chipped_anvil":2,"minecraft:fern":3,"minecraft:waxed_cut_copper_slab":1,"minecraft:farmland":2,"minecraft:jungle_slab":1,"minecraft:cobblestone_stairs":5,"minecraft:brewing_stand":2,"minecraft:cave_vines_plant":2,"minecraft:budding_amethyst":17,"minecraft:grass_block":111,"minecraft:cracked_polished_blackstone_bricks":13,"minecraft:soul_soil":1,"minecraft:composter":3,"minecraft:tuff_bricks":15,"minecraft:glowstone":30,"minecraft:iron_ore":69,"minecraft:polished_tuff":2,"minecraft:azure_bluet":1,"minecraft:pointed_dripstone":9,"minecraft:polished_tuff_slab":1,"minecraft:deepslate_redstone_ore":20,"minecraft:blackstone":26,"minecraft:medium_amethyst_bud":2,"minecraft:calcite":21,"minecraft:poppy":1,"minecraft:chest":19,"minecraft:cobblestone":263,"minecraft:nether_quartz_ore":107,"minecraft:grindstone":3,"minecraft:waxed_chiseled_copper":4,"minecraft:oak_planks":10,"minecraft:wall_torch":3,"minecraft:seagrass":2,"minecraft:warped_nylium":1,"minecraft:red_candle":4,"minecraft:powered_rail":11,"minecraft:nether_wart_block":3,"minecraft:birch_log":96,"minecraft:birch_trapdoor":5,"minecraft:activator_rail":1,"minecraft:oak_log":216,"minecraft:waxed_oxidized_copper":4,"minecraft:sand":170,"minecraft:dirt":364,"minecraft:tripwire_hook":1,"minecraft:netherrack":4090,"minecraft:ancient_debris":26,"minecraft:oak_leaves":45,"minecraft:nether_gold_ore":47,"minecraft:diamond_ore":8,"minecraft:tuff":103,"minecraft:deepslate_diamond_ore":197,"minecraft:glow_lichen":1,"minecraft:decorated_pot":5,"minecraft:weeping_vines":2,"minecraft:spruce_leaves":25,"minecraft:crimson_stem":58,"minecraft:large_fern":19,"minecraft:oak_trapdoor":2,"minecraft:furnace":2,"minecraft:nether_sprouts":2,"minecraft:bell":4,"minecraft:gold_block":1,"minecraft:deepslate_iron_ore":8,"minecraft:stripped_oak_log":2,"minecraft:stone":858,"minecraft:redstone_wall_torch":1,"minecraft:podzol":2,"minecraft:waxed_exposed_copper_bulb":1,"minecraft:basalt":55,"minecraft:spruce_door":4,"minecraft:crafting_table":11,"minecraft:oak_fence":2,"minecraft:lectern":82,"minecraft:lapis_ore":16,"minecraft:blue_bed":5,"minecraft:spruce_stairs":4,"minecraft:birch_planks":6,"minecraft:waxed_oxidized_copper_grate":1,"minecraft:redstone_torch":6,"minecraft:sweet_berry_bush":4,"minecraft:weathered_copper_grate":1,"minecraft:yellow_bed":1,"minecraft:coal_ore":334,"minecraft:flower_pot":1},"minecraft:broken":{"minecraft:diamond_helmet":1,"minecraft:diamond_pickaxe":3,"minecraft:diamond_leggings":1,"minecraft:iron_pickaxe":1,"minecraft:stone_pickaxe":3,"minecraft:diamond_boots":1,"minecraft:stone_axe":2,"minecraft:wooden_axe":1},"minecraft:custom":{"minecraft:interact_with_crafting_table":206,"minecraft:open_barrel":40,"minecraft:bell_ring":44,"minecraft:eat_cake_slice":4,"minecraft:leave_game":17,"minecraft:time_since_death":10591,"minecraft:damage_blocked_by_shield":2716,"minecraft:play_time":2041560,"minecraft:deaths":57,"minecraft:jump":12553,"minecraft:interact_with_furnace":206,"minecraft:traded_with_villager":158,"minecraft:sleep_in_bed":33,"minecraft:damage_dealt":65077,"minecraft:inspect_dispenser":13,"minecraft:horse_one_cm":2406791,"minecraft:interact_with_smithing_table":9,"minecraft:interact_with_anvil":13,"minecraft:inspect_hopper":10,"minecraft:sneak_time":107728,"minecraft:interact_with_blast_furnace":58,"minecraft:total_world_time":2041560,"minecraft:interact_with_stonecutter":15,"minecraft:time_since_rest":2978,"minecraft:swim_one_cm":72574,"minecraft:fly_one_cm":1923223,"minecraft:open_chest":815,"minecraft:fall_one_cm":457538,"minecraft:sprint_one_cm":1831962,"minecraft:drop":457,"minecraft:talked_to_villager":328,"minecraft:interact_with_brewingstand":1,"minecraft:walk_on_water_one_cm":163539,"minecraft:interact_with_loom":2,"minecraft:crouch_one_cm":405776,"minecraft:mob_kills":536,"minecraft:climb_one_cm":17160,"minecraft:walk_one_cm":4864303,"minecraft:raid_win":3,"minecraft:walk_under_water_one_cm":86461,"minecraft:boat_one_cm":481173,"minecraft:interact_with_grindstone":9,"minecraft:damage_taken":41683,"minecraft:damage_absorbed":39,"minecraft:minecart_one_cm":84306},"minecraft:dropped":{"minecraft:iron_sword":1,"minecraft:ominous_bottle":2,"minecraft:cooked_beef":59,"minecraft:glow_ink_sac":1,"minecraft:glass_bottle":1,"minecraft:diamond":175,"minecraft:crafting_table":2,"minecraft:cooked_porkchop":9,"minecraft:weeping_vines":2,"minecraft:glow_berries":5,"minecraft:saddle":1,"minecraft:rail":1,"minecraft:leather_helmet":1,"minecraft:red_mushroom":1,"minecraft:emerald":91,"minecraft:dirt":17,"minecraft:netherite_boots":2,"minecraft:gold_nugget":64,"minecraft:sand":165,"minecraft:sugar":1,"minecraft:iron_pickaxe":1,"minecraft:white_wool":12,"minecraft:bone":9,"minecraft:stone_axe":1,"minecraft:cooked_chicken":4,"minecraft:cobbled_deepslate":75,"minecraft:wheat":1,"minecraft:rotten_flesh":93,"minecraft:oak_planks":171,"minecraft:glowstone_dust":64,"minecraft:white_bed":1,"minecraft:waxed_copper_block":7,"minecraft:glass":28,"minecraft:golden_boots":1,"minecraft:wheat_seeds":3,"minecraft:deepslate_brick_wall":64,"minecraft:netherite_helmet":2,"minecraft:netherite_chestplate":1,"minecraft:feather":4,"minecraft:iron_helmet":1,"minecraft:cobblestone":27,"minecraft:book":6,"minecraft:waxed_copper_grate":4,"minecraft:granite":25,"minecraft:spruce_door":2,"minecraft:golden_apple":2,"minecraft:lava_bucket":1,"minecraft:gray_wool":4,"minecraft:golden_carrot":4,"minecraft:diamond_helmet":4,"minecraft:potion":1,"minecraft:dead_bush":3,"minecraft:white_banner":1,"minecraft:paper":48,"minecraft:string":1,"minecraft:spruce_sapling":1,"minecraft:bamboo_planks":1,"minecraft:soul_soil":1,"minecraft:netherite_ingot":1,"minecraft:polished_tuff_slab":1,"minecraft:chicken":1,"minecraft:iron_boots":1,"minecraft:name_tag":2,"minecraft:cobbled_deepslate_slab":2,"minecraft:nether_bricks":326,"minecraft:diamond_sword":5,"minecraft:flower_pot":4,"minecraft:diamond_pickaxe":10,"minecraft:redstone_torch":11,"minecraft:spider_eye":13,"minecraft:bow":3,"minecraft:magma_block":357,"minecraft:black_wool":1,"minecraft:nether_brick_stairs":8,"minecraft:birch_planks":32,"minecraft:diamond_axe":15,"minecraft:oak_log":85,"minecraft:baked_potato":80,"minecraft:ender_pearl":1,"minecraft:netherite_upgrade_smithing_template":8,"minecraft:leather":3,"minecraft:flint":8,"minecraft:cobblestone_stairs":1,"minecraft:netherite_scrap":36,"minecraft:mutton":1,"minecraft:crimson_roots":1,"minecraft:pumpkin_pie":2,"minecraft:birch_log":7,"minecraft:gold_ingot":44,"minecraft:gravel":76,"minecraft:red_glazed_terracotta":2,"minecraft:blackstone":30,"minecraft:spyglass":2,"minecraft:chiseled_tuff_bricks":4,"minecraft:diamond_shovel":1,"minecraft:cooked_mutton":49,"minecraft:honey_bottle":1,"minecraft:carrot":1,"minecraft:poppy":1,"minecraft:birch_button":1,"minecraft:netherrack":465,"minecraft:water_bucket":2,"minecraft:bread":6,"minecraft:mossy_cobblestone":1,"minecraft:minecart":3,"minecraft:diamond_leggings":3,"minecraft:polished_tuff":2,"minecraft:amethyst_block":220,"minecraft:ominous_trial_key":1,"minecraft:flow_armor_trim_smithing_template":1,"minecraft:stick":134,"minecraft:diorite":4,"minecraft:torch":221,"minecraft:waxed_oxidized_copper":2,"minecraft:crimson_sign":2,"minecraft:iron_leggings":1,"minecraft:bucket":3,"minecraft:tuff_bricks":1,"minecraft:raw_copper":5,"minecraft:tuff":2,"minecraft:raw_iron":2,"minecraft:light_gray_wool":1,"minecraft:totem_of_undying":1,"minecraft:netherite_leggings":2,"minecraft:shield":3,"minecraft:trial_key":17,"minecraft:diamond_chestplate":5,"minecraft:iron_chestplate":1,"minecraft:andesite":2,"minecraft:oak_boat":3,"minecraft:oak_sapling":3,"minecraft:waxed_oxidized_cut_copper":3,"minecraft:diamond_boots":4,"minecraft:spruce_log":8,"minecraft:stone_pickaxe":5,"minecraft:magma_cream":2},"minecraft:used":{"minecraft:ladder":7,"minecraft:chest":24,"minecraft:rotten_flesh":12,"minecraft:soul_sand":1,"minecraft:crafter":4,"minecraft:deepslate_brick_slab":15,"minecraft:lava_bucket":44,"minecraft:waxed_exposed_copper_bulb":1,"minecraft:ominous_bottle":1,"minecraft:furnace":5,"minecraft:egg":6,"minecraft:potato":172,"minecraft:deepslate_brick_wall":80,"minecraft:powered_rail":50,"minecraft:wooden_pickaxe":34,"minecraft:composter":1,"minecraft:golden_apple":1,"minecraft:glow_berries":6,"minecraft:sand":2,"minecraft:blast_furnace":4,"minecraft:lectern":85,"minecraft:smithing_table":3,"minecraft:birch_log":2,"minecraft:oak_boat":38,"minecraft:oak_trapdoor":2,"minecraft:carved_pumpkin":10,"minecraft:polished_blackstone_wall":40,"minecraft:trial_key":4,"minecraft:netherrack":2081,"minecraft:torch":53,"minecraft:brewing_stand":3,"minecraft:anvil":1,"minecraft:chipped_anvil":2,"minecraft:iron_block":39,"minecraft:totem_of_undying":2,"minecraft:diamond_chestplate":6,"minecraft:tripwire_hook":3,"minecraft:glowstone":1,"minecraft:cobbled_deepslate":637,"minecraft:observer":9,"minecraft:water_bucket":98,"minecraft:birch_planks":6,"minecraft:cauldron":4,"minecraft:glow_ink_sac":1,"minecraft:rail":371,"minecraft:crafting_table":9,"minecraft:crimson_trapdoor":87,"minecraft:white_bed":33,"minecraft:cake":1,"minecraft:diamond_pickaxe":9797,"minecraft:ominous_trial_key":2,"minecraft:diamond_shovel":967,"minecraft:wind_charge":6,"minecraft:iron_pickaxe":251,"minecraft:crimson_sign":17,"minecraft:cobblestone":665,"minecraft:potion":3,"minecraft:purple_bed":11,"minecraft:cooked_porkchop":19,"minecraft:porkchop":6,"minecraft:diamond_leggings":6,"minecraft:oak_sign":21,"minecraft:shield":36,"minecraft:iron_sword":29,"minecraft:bell":4,"minecraft:iron_chestplate":1,"minecraft:deepslate_tile_slab":14,"minecraft:glass":70,"minecraft:waxed_oxidized_copper":2,"minecraft:crimson_button":1,"minecraft:birch_button":29,"minecraft:birch_trapdoor":8,"minecraft:magma_block":1307,"minecraft:scaffolding":1,"minecraft:golden_boots":2,"minecraft:diamond_boots":4,"minecraft:stone_pickaxe":490,"minecraft:oak_planks":4,"minecraft:ender_pearl":2,"minecraft:redstone_block":2,"minecraft:blue_bed":5,"minecraft:diamond_axe":1516,"minecraft:sugar_cane":44,"minecraft:loom":3,"minecraft:crossbow":109,"minecraft:shears":2,"minecraft:redstone_torch":33,"minecraft:lever":1,"minecraft:bread":27,"minecraft:string":33,"minecraft:grindstone":3,"minecraft:crimson_door":3,"minecraft:chest_minecart":1,"minecraft:bone_meal":361,"minecraft:experience_bottle":1,"minecraft:flint_and_steel":2,"minecraft:redstone":57,"minecraft:cooked_chicken":8,"minecraft:dirt":455,"minecraft:spyglass":341,"minecraft:hopper":73,"minecraft:cobblestone_wall":89,"minecraft:diamond_helmet":2,"minecraft:iron_hoe":162,"minecraft:wooden_axe":41,"minecraft:crimson_planks":16,"minecraft:golden_carrot":2,"minecraft:minecart":51,"minecraft:cooked_beef":42,"minecraft:turtle_egg":15,"minecraft:pumpkin":2,"minecraft:iron_leggings":1,"minecraft:cooked_mutton":41,"minecraft:cobblestone_stairs":5,"minecraft:netherite_chestplate":1,"minecraft:baked_potato":95,"minecraft:stonecutter":4,"minecraft:cobblestone_slab":6,"minecraft:mangrove_trapdoor":1,"minecraft:red_mushroom":1,"minecraft:piston":29,"minecraft:activator_rail":3,"minecraft:apple":3,"minecraft:stone_axe":199,"minecraft:cobbled_deepslate_slab":2,"minecraft:bucket":146,"minecraft:yellow_bed":1},"minecraft:killed_by":{"minecraft:piglin_brute":1,"minecraft:ravager":2,"minecraft:vindicator":10,"minecraft:zombie":1,"minecraft:vex":7,"minecraft:ghast":2,"minecraft:evoker":1,"minecraft:zombified_piglin":2,"minecraft:creeper":1,"minecraft:piglin":1,"minecraft:player":1,"minecraft:skeleton":1},"minecraft:killed":{"minecraft:cave_spider":9,"minecraft:skeleton":34,"minecraft:chicken":7,"minecraft:magma_cube":12,"minecraft:salmon":2,"minecraft:iron_golem":1,"minecraft:pillager":22,"minecraft:zombie":82,"minecraft:glow_squid":1,"minecraft:cow":37,"minecraft:evoker":1,"minecraft:vindicator":11,"minecraft:ravager":4,"minecraft:breeze":2,"minecraft:enderman":3,"minecraft:zombified_piglin":4,"minecraft:witch":6,"minecraft:spider":28,"minecraft:silverfish":4,"minecraft:piglin_brute":3,"minecraft:piglin":19,"minecraft:pig":9,"minecraft:zombie_villager":1,"minecraft:creeper":3,"minecraft:sheep":47,"minecraft:ghast":2,"minecraft:blaze":6,"minecraft:vex":2,"minecraft:bogged":17,"minecraft:phantom":3,"minecraft:drowned":1,"minecraft:hoglin":7,"minecraft:wither_skeleton":1},"minecraft:picked_up":{"minecraft:iron_chestplate":1,"minecraft:flower_pot":4,"minecraft:smithing_table":2,"minecraft:diamond_sword":3,"minecraft:enchanted_book":3,"minecraft:birch_button":3,"minecraft:brewing_stand":2,"minecraft:golden_sword":3,"minecraft:amethyst_block":449,"minecraft:string":98,"minecraft:soul_soil":1,"minecraft:diamond_leggings":12,"minecraft:gold_nugget":221,"minecraft:cobbled_deepslate":1408,"minecraft:trial_key":21,"minecraft:netherite_upgrade_smithing_template":3,"minecraft:crimson_sign":2,"minecraft:composter":3,"minecraft:waxed_copper_grate":4,"minecraft:cauldron":4,"minecraft:iron_block":1,"minecraft:carved_pumpkin":1,"minecraft:netherite_chestplate":1,"minecraft:blaze_rod":2,"minecraft:birch_log":104,"minecraft:magma_block":1708,"minecraft:feather":9,"minecraft:cooked_beef":1,"minecraft:water_bucket":8,"minecraft:brown_wool":1,"minecraft:flint":12,"minecraft:netherite_leggings":2,"minecraft:twisting_vines":2,"minecraft:chipped_anvil":2,"minecraft:stonecutter":4,"minecraft:diamond_helmet":8,"minecraft:glowstone_dust":74,"minecraft:warped_wart_block":2,"minecraft:crimson_door":1,"minecraft:loom":3,"minecraft:lever":1,"minecraft:granite":30,"minecraft:bread":37,"minecraft:ominous_trial_key":3,"minecraft:crimson_roots":4,"minecraft:diamond_pickaxe":18,"minecraft:crafting_table":12,"minecraft:ominous_bottle":6,"minecraft:nether_wart":66,"minecraft:crimson_trapdoor":20,"minecraft:wind_charge":25,"minecraft:beef":77,"minecraft:chiseled_tuff":1,"minecraft:iron_nugget":3,"minecraft:poppy":2,"minecraft:minecart":47,"minecraft:chest":18,"minecraft:birch_sapling":4,"minecraft:piston":13,"minecraft:waxed_oxidized_copper":7,"minecraft:egg":6,"minecraft:carrot":1,"minecraft:redstone":170,"minecraft:diamond_chestplate":9,"minecraft:diamond_boots":8,"minecraft:gold_ingot":4,"minecraft:flow_armor_trim_smithing_template":1,"minecraft:totem_of_undying":5,"minecraft:tuff_bricks":11,"minecraft:glow_berries":5,"minecraft:mutton":75,"minecraft:bone_block":15,"minecraft:rail":316,"minecraft:white_wool":47,"minecraft:tripwire_hook":3,"minecraft:red_glazed_terracotta":2,"minecraft:fern":2,"minecraft:crafter":3,"minecraft:red_mushroom":2,"minecraft:oak_log":247,"minecraft:ancient_debris":33,"minecraft:golden_boots":3,"minecraft:blue_bed":5,"minecraft:white_banner":20,"minecraft:stone_pickaxe":13,"minecraft:iron_sword":10,"minecraft:smooth_basalt":8,"minecraft:sweet_berries":13,"minecraft:waxed_exposed_copper_bulb":1,"minecraft:spyglass":6,"minecraft:gravel":112,"minecraft:spruce_sapling":6,"minecraft:polished_tuff":4,"minecraft:leather_helmet":2,"minecraft:diamond_shovel":1,"minecraft:purple_bed":11,"minecraft:stone_axe":5,"minecraft:diamond_axe":25,"minecraft:gray_wool":3,"minecraft:warped_roots":2,"minecraft:baked_potato":130,"minecraft:hopper":14,"minecraft:ender_pearl":3,"minecraft:wheat":13,"minecraft:redstone_block":1,"minecraft:potion":5,"minecraft:gilded_blackstone":3,"minecraft:raw_copper":53,"minecraft:red_candle":14,"minecraft:netherite_ingot":5,"minecraft:oak_sign":4,"minecraft:activator_rail":3,"minecraft:bucket":4,"minecraft:redstone_torch":9,"minecraft:cobblestone_slab":1,"minecraft:calcite":22,"minecraft:iron_pickaxe":1,"minecraft:furnace":2,"minecraft:iron_boots":1,"minecraft:tipped_arrow":30,"minecraft:stick":96,"minecraft:deepslate_brick_wall":14,"minecraft:birch_trapdoor":5,"minecraft:oak_fence":1,"minecraft:torch":268,"minecraft:spruce_stairs":4,"minecraft:porkchop":31,"minecraft:pointed_dripstone":19,"minecraft:diorite":8,"minecraft:rotten_flesh":95,"minecraft:cobblestone":1217,"minecraft:magma_cream":4,"minecraft:andesite":36,"minecraft:golden_leggings":1,"minecraft:potato":279,"minecraft:tuff":92,"minecraft:lapis_lazuli":190,"minecraft:dirt":833,"minecraft:name_tag":5,"minecraft:bone":85,"minecraft:bow":8,"minecraft:wheat_seeds":62,"minecraft:cobbled_deepslate_slab":2,"minecraft:raw_gold":40,"minecraft:bell":5,"minecraft:grindstone":3,"minecraft:powered_rail":16,"minecraft:oak_planks":196,"minecraft:poisonous_potato":1,"minecraft:sand":167,"minecraft:dead_bush":3,"minecraft:jungle_slab":1,"minecraft:mossy_cobblestone":4,"minecraft:weathered_copper_grate":1,"minecraft:sugar":1,"minecraft:diamond":342,"minecraft:netherite_helmet":2,"minecraft:cracked_polished_blackstone_bricks":9,"minecraft:crossbow":11,"minecraft:breeze_rod":4,"minecraft:bone_meal":10,"minecraft:golden_apple":3,"minecraft:spruce_sign":1,"minecraft:emerald":41,"minecraft:oak_sapling":10,"minecraft:netherrack":4301,"minecraft:waxed_oxidized_cut_copper":3,"minecraft:chicken":6,"minecraft:chest_minecart":3,"minecraft:wooden_pickaxe":1,"minecraft:gold_block":1,"minecraft:brick":38,"minecraft:shield":16,"minecraft:oak_trapdoor":1,"minecraft:blackstone":31,"minecraft:detector_rail":6,"minecraft:oak_boat":43,"minecraft:observer":5,"minecraft:light_gray_wool":1,"minecraft:lectern":82,"minecraft:sugar_cane":75,"minecraft:phantom_membrane":2,"minecraft:raw_iron":95,"minecraft:polished_blackstone_bricks":16,"minecraft:brown_dye":1,"minecraft:dark_oak_planks":2,"minecraft:arrow":67,"minecraft:weeping_vines":4,"minecraft:pumpkin_pie":1,"minecraft:nether_bricks":334,"minecraft:saddle":11,"minecraft:netherite_boots":2,"minecraft:basalt":55,"minecraft:golden_carrot":6,"minecraft:glow_ink_sac":8,"minecraft:crimson_stem":62,"minecraft:salmon":2,"minecraft:leather":44,"minecraft:birch_planks":29,"minecraft:waxed_copper_bulb":1,"minecraft:waxed_copper_block":7,"minecraft:gunpowder":11,"minecraft:yellow_bed":1,"minecraft:nether_wart_block":4,"minecraft:cobblestone_wall":12,"minecraft:cobblestone_stairs":5,"minecraft:deepslate_tile_slab":2,"minecraft:cooked_mutton":10,"minecraft:iron_ingot":49,"minecraft:polished_tuff_slab":1,"minecraft:cooked_chicken":6,"minecraft:soul_sand":22,"minecraft:book":10,"minecraft:pumpkin":2,"minecraft:dandelion":1,"minecraft:quartz":162,"minecraft:lava_bucket":7,"minecraft:amethyst_shard":41,"minecraft:blast_furnace":3,"minecraft:white_bed":19,"minecraft:spider_eye":20,"minecraft:spruce_door":7,"minecraft:pumpkin_seeds":36,"minecraft:iron_helmet":1,"minecraft:black_wool":2,"minecraft:coal":463,"minecraft:chiseled_tuff_bricks":4}},"DataVersion":3953}