{"stats":{"minecraft:crafted":{"minecraft:furnace":1,"minecraft:cooked_mutton":27,"minecraft:flint_and_steel":1,"minecraft:diamond_helmet":2,"minecraft:diamond_leggings":2,"minecraft:stone_pickaxe":4,"minecraft:chest":4,"minecraft:diamond_boots":2,"minecraft:rail":96,"minecraft:golden_boots":2,"minecraft:cooked_beef":20,"minecraft:diamond_sword":1,"minecraft:cooked_porkchop":3,"minecraft:diamond_axe":1,"minecraft:crafting_table":1,"minecraft:spruce_planks":60,"minecraft:wooden_pickaxe":1,"minecraft:copper_ingot":28,"minecraft:birch_planks":44,"minecraft:bucket":2,"minecraft:stone_axe":1,"minecraft:air":0,"minecraft:diamond_pickaxe":2,"minecraft:charcoal":16,"minecraft:shield":2,"minecraft:stick":68,"minecraft:iron_ingot":63,"minecraft:iron_pickaxe":1,"minecraft:wooden_axe":1,"minecraft:gold_ingot":7,"minecraft:white_bed":2,"minecraft:torch":60,"minecraft:diamond_chestplate":2},"minecraft:picked_up":{"minecraft:iron_chestplate":1,"minecraft:crafting_table":2,"minecraft:ominous_bottle":1,"minecraft:chicken":2,"minecraft:chest_minecart":2,"minecraft:wooden_pickaxe":1,"minecraft:shield":3,"minecraft:string":25,"minecraft:raw_copper":34,"minecraft:activator_rail":2,"minecraft:diamond_leggings":1,"minecraft:detector_rail":6,"minecraft:gold_nugget":91,"minecraft:cobbled_deepslate":423,"minecraft:bucket":3,"minecraft:beef":19,"minecraft:iron_nugget":3,"minecraft:iron_pickaxe":1,"minecraft:sugar_cane":25,"minecraft:chest":1,"minecraft:birch_sapling":4,"minecraft:egg":6,"minecraft:iron_boots":1,"minecraft:furnace":2,"minecraft:stick":25,"minecraft:raw_iron":88,"minecraft:oak_fence":1,"minecraft:torch":24,"minecraft:porkchop":7,"minecraft:diorite":2,"minecraft:carrot":1,"minecraft:redstone":21,"minecraft:diamond_chestplate":1,"minecraft:arrow":10,"minecraft:rotten_flesh":17,"minecraft:diamond_boots":1,"minecraft:gold_ingot":2,"minecraft:mutton":21,"minecraft:rail":137,"minecraft:white_wool":14,"minecraft:cobblestone":373,"minecraft:birch_log":50,"minecraft:magma_block":1,"minecraft:feather":3,"minecraft:water_bucket":2,"minecraft:andesite":14,"minecraft:brown_wool":1,"minecraft:leather":15,"minecraft:potato":13,"minecraft:birch_planks":29,"minecraft:flint":2,"minecraft:tuff":53,"minecraft:cobblestone_wall":1,"minecraft:lapis_lazuli":119,"minecraft:dirt":49,"minecraft:name_tag":2,"minecraft:bone":20,"minecraft:bow":5,"minecraft:stonecutter":1,"minecraft:wheat_seeds":7,"minecraft:raw_gold":5,"minecraft:bell":5,"minecraft:grindstone":1,"minecraft:stone_pickaxe":5,"minecraft:diamond_helmet":1,"minecraft:glowstone_dust":74,"minecraft:powered_rail":3,"minecraft:oak_planks":1,"minecraft:sweet_berries":13,"minecraft:quartz":31,"minecraft:gravel":11,"minecraft:lava_bucket":1,"minecraft:spruce_sapling":2,"minecraft:blast_furnace":2,"minecraft:loom":2,"minecraft:spider_eye":7,"minecraft:mossy_cobblestone":1,"minecraft:pumpkin_seeds":13,"minecraft:diamond":46,"minecraft:stone_axe":3,"minecraft:iron_helmet":1,"minecraft:granite":5,"minecraft:diamond_axe":1,"minecraft:bread":30,"minecraft:oak_sapling":1,"minecraft:netherrack":609,"minecraft:black_wool":1,"minecraft:coal":118,"minecraft:crimson_roots":1,"minecraft:diamond_pickaxe":2},"minecraft:dropped":{"minecraft:water_bucket":2,"minecraft:golden_boots":1,"minecraft:iron_sword":1,"minecraft:cooked_beef":20,"minecraft:cooked_porkchop":3,"minecraft:diamond_leggings":1,"minecraft:cobblestone":26,"minecraft:iron_helmet":1,"minecraft:glow_berries":4,"minecraft:stick":8,"minecraft:torch":13,"minecraft:diamond_helmet":1,"minecraft:iron_leggings":1,"minecraft:iron_pickaxe":1,"minecraft:bucket":1,"minecraft:bone":2,"minecraft:iron_boots":1,"minecraft:glowstone_dust":64,"minecraft:carrot":1,"minecraft:diamond_sword":1,"minecraft:shield":2,"minecraft:diamond_chestplate":1,"minecraft:diamond_pickaxe":2,"minecraft:iron_chestplate":1,"minecraft:diamond_boots":1,"minecraft:spruce_log":8,"minecraft:stone_pickaxe":1},"minecraft:killed_by":{"minecraft:skeleton":1},"minecraft:custom":{"minecraft:mob_kills":77,"minecraft:interact_with_crafting_table":44,"minecraft:bell_ring":37,"minecraft:leave_game":4,"minecraft:time_since_death":61207,"minecraft:sprint_one_cm":231089,"minecraft:walk_one_cm":859001,"minecraft:damage_blocked_by_shield":1112,"minecraft:drop":40,"minecraft:talked_to_villager":3,"minecraft:play_time":333310,"minecraft:deaths":3,"minecraft:sneak_time":12078,"minecraft:walk_under_water_one_cm":22694,"minecraft:jump":3028,"minecraft:interact_with_blast_furnace":13,"minecraft:walk_on_water_one_cm":66467,"minecraft:total_world_time":333310,"minecraft:interact_with_furnace":47,"minecraft:interact_with_loom":1,"minecraft:interact_with_grindstone":5,"minecraft:interact_with_stonecutter":2,"minecraft:sleep_in_bed":15,"minecraft:time_since_rest":9148,"minecraft:damage_taken":3998,"minecraft:damage_dealt":11768,"minecraft:swim_one_cm":35165,"minecraft:fly_one_cm":423918,"minecraft:open_chest":125,"minecraft:crouch_one_cm":34816,"minecraft:fall_one_cm":86485},"minecraft:used":{"minecraft:flint_and_steel":1,"minecraft:chest":4,"minecraft:shield":18,"minecraft:bell":3,"minecraft:rotten_flesh":12,"minecraft:netherrack":474,"minecraft:iron_chestplate":1,"minecraft:torch":40,"minecraft:dirt":20,"minecraft:wooden_axe":41,"minecraft:lava_bucket":29,"minecraft:diamond_chestplate":2,"minecraft:furnace":3,"minecraft:egg":1,"minecraft:iron_leggings":1,"minecraft:golden_boots":2,"minecraft:cooked_mutton":27,"minecraft:water_bucket":37,"minecraft:diamond_boots":2,"minecraft:birch_planks":6,"minecraft:stone_pickaxe":490,"minecraft:wooden_pickaxe":34,"minecraft:stonecutter":1,"minecraft:diamond_axe":49,"minecraft:glow_berries":2,"minecraft:blast_furnace":2,"minecraft:loom":2,"minecraft:rail":153,"minecraft:crafting_table":3,"minecraft:white_bed":2,"minecraft:diamond_pickaxe":929,"minecraft:bread":20,"minecraft:iron_pickaxe":251,"minecraft:stone_axe":199,"minecraft:cobblestone":139,"minecraft:grindstone":1,"minecraft:bucket":69,"minecraft:birch_log":2,"minecraft:diamond_leggings":1},"minecraft:killed":{"minecraft:cave_spider":9,"minecraft:spider":7,"minecraft:skeleton":7,"minecraft:chicken":2,"minecraft:drowned":1,"minecraft:piglin":2,"minecraft:pig":1,"minecraft:hoglin":2,"minecraft:sheep":12,"minecraft:pillager":1,"minecraft:zombie":22,"minecraft:cow":11},"minecraft:broken":{"minecraft:stone_pickaxe":3,"minecraft:stone_axe":2,"minecraft:iron_pickaxe":1,"minecraft:wooden_axe":1},"minecraft:mined":{"minecraft:nether_gold_ore":21,"minecraft:tuff":50,"minecraft:mossy_cobblestone":1,"minecraft:deepslate_diamond_ore":47,"minecraft:glow_lichen":1,"minecraft:granite":5,"minecraft:grass_block":11,"minecraft:crimson_roots":1,"minecraft:spruce_leaves":3,"minecraft:large_fern":4,"minecraft:tall_seagrass":1,"minecraft:weeping_vines_plant":1,"minecraft:magma_block":1,"minecraft:glowstone":21,"minecraft:furnace":2,"minecraft:iron_ore":65,"minecraft:fire":3,"minecraft:andesite":13,"minecraft:bell":4,"minecraft:dirt_path":3,"minecraft:deepslate_iron_ore":6,"minecraft:rail":89,"minecraft:stone":263,"minecraft:deepslate_redstone_ore":6,"minecraft:crimson_nylium":3,"minecraft:oak_fence":2,"minecraft:crafting_table":2,"minecraft:torch":3,"minecraft:short_grass":74,"minecraft:blast_furnace":2,"minecraft:chest":1,"minecraft:cobblestone":79,"minecraft:copper_ore":14,"minecraft:nether_quartz_ore":35,"minecraft:tall_grass":13,"minecraft:deepslate_gold_ore":3,"minecraft:lapis_ore":8,"minecraft:grindstone":1,"minecraft:sugar_cane":10,"minecraft:wall_torch":1,"minecraft:seagrass":2,"minecraft:birch_planks":6,"minecraft:cobblestone_wall":1,"minecraft:birch_log":47,"minecraft:sweet_berry_bush":4,"minecraft:birch_leaves":9,"minecraft:coal_ore":102,"minecraft:loom":2,"minecraft:gravel":8,"minecraft:dirt":6,"minecraft:stonecutter":1,"minecraft:netherrack":477,"minecraft:oak_leaves":3,"minecraft:fern":1,"minecraft:deepslate":374}},"DataVersion":3953}