{"stats":{"minecraft:crafted":{"minecraft:oak_planks":80,"minecraft:cooked_chicken":6,"minecraft:cooked_mutton":33,"minecraft:diamond_helmet":3,"minecraft:diamond_leggings":2,"minecraft:chest":4,"minecraft:rail":96,"minecraft:golden_boots":2,"minecraft:cooked_porkchop":18,"minecraft:diamond_axe":1,"minecraft:crafting_table":1,"minecraft:spruce_planks":60,"minecraft:wooden_pickaxe":1,"minecraft:baked_potato":26,"minecraft:copper_ingot":28,"minecraft:birch_planks":44,"minecraft:charcoal":16,"minecraft:diamond_pickaxe":3,"minecraft:shield":4,"minecraft:stick":76,"minecraft:iron_ingot":125,"minecraft:iron_pickaxe":1,"minecraft:iron_block":3,"minecraft:gold_ingot":21,"minecraft:redstone_torch":11,"minecraft:cobbled_deepslate_slab":2,"minecraft:spyglass":2,"minecraft:furnace":3,"minecraft:flint_and_steel":1,"minecraft:stone_pickaxe":4,"minecraft:diamond_boots":3,"minecraft:minecart":6,"minecraft:cooked_beef":28,"minecraft:diamond_sword":1,"minecraft:powered_rail":18,"minecraft:iron_sword":1,"minecraft:bucket":2,"minecraft:stone_axe":1,"minecraft:air":0,"minecraft:oak_boat":5,"minecraft:wooden_axe":1,"minecraft:white_bed":2,"minecraft:torch":60,"minecraft:diamond_chestplate":3},"minecraft:picked_up":{"minecraft:iron_chestplate":1,"minecraft:wheat":6,"minecraft:flower_pot":4,"minecraft:diamond_sword":2,"minecraft:potion":4,"minecraft:enchanted_book":1,"minecraft:amethyst_block":444,"minecraft:string":62,"minecraft:raw_copper":34,"minecraft:red_candle":14,"minecraft:activator_rail":2,"minecraft:diamond_leggings":11,"minecraft:gold_nugget":91,"minecraft:cobbled_deepslate":598,"minecraft:bucket":3,"minecraft:trial_key":21,"minecraft:redstone_torch":5,"minecraft:calcite":15,"minecraft:iron_pickaxe":1,"minecraft:furnace":2,"minecraft:iron_boots":1,"minecraft:tipped_arrow":28,"minecraft:stick":34,"minecraft:oak_fence":1,"minecraft:torch":149,"minecraft:porkchop":11,"minecraft:waxed_copper_grate":4,"minecraft:diorite":8,"minecraft:rotten_flesh":35,"minecraft:iron_block":1,"minecraft:cobblestone":472,"minecraft:birch_log":57,"minecraft:magma_block":1,"minecraft:feather":7,"minecraft:water_bucket":8,"minecraft:andesite":25,"minecraft:brown_wool":1,"minecraft:potato":13,"minecraft:flint":2,"minecraft:tuff":56,"minecraft:lapis_lazuli":119,"minecraft:dirt":323,"minecraft:name_tag":3,"minecraft:bone":46,"minecraft:stonecutter":1,"minecraft:bow":6,"minecraft:wheat_seeds":25,"minecraft:raw_gold":5,"minecraft:cobbled_deepslate_slab":2,"minecraft:bell":5,"minecraft:grindstone":1,"minecraft:glowstone_dust":74,"minecraft:diamond_helmet":7,"minecraft:powered_rail":8,"minecraft:oak_planks":125,"minecraft:dead_bush":3,"minecraft:loom":2,"minecraft:mossy_cobblestone":2,"minecraft:weathered_copper_grate":1,"minecraft:sugar":1,"minecraft:diamond":79,"minecraft:breeze_rod":4,"minecraft:crossbow":7,"minecraft:granite":5,"minecraft:golden_apple":3,"minecraft:bread":33,"minecraft:emerald":37,"minecraft:oak_sapling":2,"minecraft:netherrack":647,"minecraft:ominous_trial_key":3,"minecraft:crimson_roots":3,"minecraft:diamond_pickaxe":11,"minecraft:waxed_oxidized_cut_copper":3,"minecraft:crafting_table":2,"minecraft:ominous_bottle":6,"minecraft:chicken":4,"minecraft:chest_minecart":3,"minecraft:wooden_pickaxe":1,"minecraft:brick":38,"minecraft:shield":16,"minecraft:wind_charge":25,"minecraft:detector_rail":6,"minecraft:beef":26,"minecraft:oak_boat":18,"minecraft:chiseled_tuff":1,"minecraft:iron_nugget":3,"minecraft:light_gray_wool":1,"minecraft:minecart":15,"minecraft:sugar_cane":25,"minecraft:chest":1,"minecraft:birch_sapling":4,"minecraft:waxed_oxidized_copper":7,"minecraft:egg":6,"minecraft:raw_iron":90,"minecraft:carrot":1,"minecraft:redstone":56,"minecraft:arrow":40,"minecraft:weeping_vines":1,"minecraft:diamond_chestplate":6,"minecraft:diamond_boots":6,"minecraft:flow_armor_trim_smithing_template":1,"minecraft:totem_of_undying":3,"minecraft:saddle":8,"minecraft:gold_ingot":2,"minecraft:tuff_bricks":11,"minecraft:mutton":31,"minecraft:white_wool":22,"minecraft:rail":189,"minecraft:golden_carrot":4,"minecraft:leather":18,"minecraft:red_glazed_terracotta":2,"minecraft:red_mushroom":2,"minecraft:birch_planks":29,"minecraft:waxed_copper_bulb":1,"minecraft:oak_log":105,"minecraft:waxed_copper_block":7,"minecraft:cobblestone_wall":3,"minecraft:golden_boots":2,"minecraft:nether_wart_block":1,"minecraft:gunpowder":4,"minecraft:cobblestone_stairs":2,"minecraft:white_banner":14,"minecraft:polished_tuff_slab":1,"minecraft:iron_ingot":37,"minecraft:stone_pickaxe":13,"minecraft:cooked_chicken":6,"minecraft:iron_sword":10,"minecraft:smooth_basalt":2,"minecraft:sweet_berries":13,"minecraft:waxed_exposed_copper_bulb":1,"minecraft:quartz":31,"minecraft:spyglass":5,"minecraft:lava_bucket":6,"minecraft:gravel":12,"minecraft:amethyst_shard":41,"minecraft:spruce_sapling":2,"minecraft:blast_furnace":2,"minecraft:white_bed":2,"minecraft:polished_tuff":4,"minecraft:spider_eye":12,"minecraft:spruce_door":2,"minecraft:pumpkin_seeds":13,"minecraft:purple_bed":2,"minecraft:stone_axe":5,"minecraft:iron_helmet":1,"minecraft:diamond_axe":13,"minecraft:baked_potato":80,"minecraft:black_wool":1,"minecraft:chiseled_tuff_bricks":4,"minecraft:coal":118},"minecraft:dropped":{"minecraft:iron_sword":1,"minecraft:diamond_axe":2,"minecraft:ominous_bottle":1,"minecraft:cooked_beef":24,"minecraft:oak_log":85,"minecraft:baked_potato":7,"minecraft:glass_bottle":1,"minecraft:cooked_porkchop":9,"minecraft:glow_berries":4,"minecraft:leather":3,"minecraft:red_mushroom":1,"minecraft:cobblestone_stairs":1,"minecraft:dirt":17,"minecraft:mutton":1,"minecraft:sugar":1,"minecraft:iron_pickaxe":1,"minecraft:birch_log":7,"minecraft:white_wool":6,"minecraft:bone":7,"minecraft:gravel":1,"minecraft:red_glazed_terracotta":2,"minecraft:spyglass":1,"minecraft:chiseled_tuff_bricks":4,"minecraft:cobbled_deepslate":2,"minecraft:cooked_chicken":4,"minecraft:rotten_flesh":4,"minecraft:oak_planks":39,"minecraft:glowstone_dust":64,"minecraft:cooked_mutton":1,"minecraft:honey_bottle":1,"minecraft:waxed_copper_block":7,"minecraft:carrot":1,"minecraft:water_bucket":2,"minecraft:golden_boots":1,"minecraft:diamond_leggings":1,"minecraft:feather":4,"minecraft:iron_helmet":1,"minecraft:cobblestone":27,"minecraft:waxed_copper_grate":4,"minecraft:polished_tuff":2,"minecraft:amethyst_block":220,"minecraft:ominous_trial_key":1,"minecraft:flow_armor_trim_smithing_template":1,"minecraft:golden_apple":2,"minecraft:stick":16,"minecraft:diorite":4,"minecraft:golden_carrot":4,"minecraft:torch":14,"minecraft:waxed_oxidized_copper":2,"minecraft:diamond_helmet":2,"minecraft:potion":1,"minecraft:dead_bush":3,"minecraft:iron_leggings":1,"minecraft:white_banner":1,"minecraft:bucket":1,"minecraft:bamboo_planks":1,"minecraft:tuff_bricks":1,"minecraft:polished_tuff_slab":1,"minecraft:tuff":2,"minecraft:raw_iron":2,"minecraft:light_gray_wool":1,"minecraft:iron_boots":1,"minecraft:cobbled_deepslate_slab":2,"minecraft:diamond_sword":3,"minecraft:shield":3,"minecraft:flower_pot":4,"minecraft:trial_key":17,"minecraft:diamond_chestplate":1,"minecraft:iron_chestplate":1,"minecraft:diamond_pickaxe":2,"minecraft:oak_sapling":1,"minecraft:oak_boat":3,"minecraft:spider_eye":5,"minecraft:spruce_log":8,"minecraft:diamond_boots":1,"minecraft:bow":1,"minecraft:stone_pickaxe":3},"minecraft:killed_by":{"minecraft:ravager":2,"minecraft:vindicator":7,"minecraft:zombie":1,"minecraft:vex":7,"minecraft:skeleton":1},"minecraft:custom":{"minecraft:interact_with_crafting_table":72,"minecraft:open_barrel":4,"minecraft:bell_ring":44,"minecraft:eat_cake_slice":4,"minecraft:leave_game":5,"minecraft:time_since_death":42103,"minecraft:sprint_one_cm":592427,"minecraft:damage_blocked_by_shield":1756,"minecraft:drop":157,"minecraft:talked_to_villager":9,"minecraft:play_time":592358,"minecraft:deaths":21,"minecraft:jump":5111,"minecraft:walk_on_water_one_cm":87403,"minecraft:interact_with_furnace":79,"minecraft:interact_with_loom":1,"minecraft:sleep_in_bed":18,"minecraft:damage_dealt":30500,"minecraft:crouch_one_cm":47438,"minecraft:inspect_dispenser":13,"minecraft:mob_kills":169,"minecraft:climb_one_cm":4438,"minecraft:walk_one_cm":1716440,"minecraft:raid_win":1,"minecraft:sneak_time":17585,"minecraft:walk_under_water_one_cm":30676,"minecraft:boat_one_cm":80668,"minecraft:interact_with_blast_furnace":22,"minecraft:total_world_time":592358,"minecraft:interact_with_stonecutter":3,"minecraft:interact_with_grindstone":7,"minecraft:time_since_rest":42133,"minecraft:damage_taken":12763,"minecraft:damage_absorbed":39,"minecraft:minecart_one_cm":68432,"minecraft:swim_one_cm":36078,"minecraft:fly_one_cm":737536,"minecraft:open_chest":243,"minecraft:fall_one_cm":141446},"minecraft:used":{"minecraft:chest":4,"minecraft:shield":26,"minecraft:iron_sword":15,"minecraft:bell":4,"minecraft:rotten_flesh":12,"minecraft:iron_chestplate":1,"minecraft:waxed_oxidized_copper":2,"minecraft:lava_bucket":34,"minecraft:waxed_exposed_copper_bulb":1,"minecraft:ominous_bottle":1,"minecraft:furnace":5,"minecraft:egg":6,"minecraft:golden_boots":2,"minecraft:diamond_boots":4,"minecraft:stone_pickaxe":490,"minecraft:powered_rail":21,"minecraft:oak_planks":1,"minecraft:wooden_pickaxe":34,"minecraft:diamond_axe":462,"minecraft:golden_apple":1,"minecraft:glow_berries":2,"minecraft:loom":2,"minecraft:blast_furnace":2,"minecraft:crossbow":13,"minecraft:redstone_torch":16,"minecraft:bread":25,"minecraft:grindstone":1,"minecraft:birch_log":2,"minecraft:chest_minecart":1,"minecraft:oak_boat":13,"minecraft:flint_and_steel":1,"minecraft:trial_key":4,"minecraft:cooked_chicken":6,"minecraft:netherrack":539,"minecraft:torch":46,"minecraft:dirt":80,"minecraft:spyglass":228,"minecraft:diamond_helmet":2,"minecraft:wooden_axe":41,"minecraft:diamond_chestplate":6,"minecraft:minecart":16,"minecraft:cooked_beef":4,"minecraft:cobbled_deepslate":90,"minecraft:iron_leggings":1,"minecraft:cooked_mutton":32,"minecraft:water_bucket":66,"minecraft:birch_planks":6,"minecraft:baked_potato":23,"minecraft:stonecutter":1,"minecraft:rail":247,"minecraft:crafting_table":3,"minecraft:red_mushroom":1,"minecraft:white_bed":5,"minecraft:cake":1,"minecraft:diamond_pickaxe":1604,"minecraft:apple":3,"minecraft:ominous_trial_key":2,"minecraft:wind_charge":6,"minecraft:iron_pickaxe":251,"minecraft:stone_axe":199,"minecraft:cobblestone":203,"minecraft:potion":2,"minecraft:purple_bed":2,"minecraft:cobbled_deepslate_slab":2,"minecraft:cooked_porkchop":4,"minecraft:bucket":103,"minecraft:diamond_leggings":6},"minecraft:killed":{"minecraft:cave_spider":9,"minecraft:spider":20,"minecraft:skeleton":15,"minecraft:chicken":4,"minecraft:silverfish":4,"minecraft:piglin":2,"minecraft:pig":3,"minecraft:zombie_villager":1,"minecraft:creeper":1,"minecraft:sheep":20,"minecraft:pillager":10,"minecraft:zombie":33,"minecraft:cow":13,"minecraft:vex":2,"minecraft:bogged":17,"minecraft:vindicator":3,"minecraft:drowned":1,"minecraft:ravager":2,"minecraft:hoglin":2,"minecraft:breeze":2},"minecraft:broken":{"minecraft:stone_pickaxe":3,"minecraft:stone_axe":2,"minecraft:wooden_axe":1,"minecraft:iron_pickaxe":1},"minecraft:mined":{"minecraft:waxed_cut_copper_slab":1,"minecraft:white_bed":6,"minecraft:cobblestone_stairs":1,"minecraft:potted_dead_bush":3,"minecraft:granite":5,"minecraft:budding_amethyst":17,"minecraft:grass_block":16,"minecraft:chiseled_tuff_bricks":5,"minecraft:tuff_bricks":15,"minecraft:weeping_vines_plant":2,"minecraft:tall_seagrass":1,"minecraft:magma_block":1,"minecraft:glowstone":21,"minecraft:iron_ore":67,"minecraft:fire":10,"minecraft:cobbled_deepslate":24,"minecraft:polished_tuff":2,"minecraft:dirt_path":3,"minecraft:small_amethyst_bud":1,"minecraft:polished_tuff_slab":1,"minecraft:deepslate_redstone_ore":6,"minecraft:crimson_nylium":4,"minecraft:medium_amethyst_bud":2,"minecraft:amethyst_cluster":10,"minecraft:torch":6,"minecraft:blast_furnace":2,"minecraft:calcite":15,"minecraft:chest":1,"minecraft:nether_quartz_ore":35,"minecraft:cobblestone":95,"minecraft:waxed_chiseled_copper":4,"minecraft:grindstone":1,"minecraft:sugar_cane":10,"minecraft:oak_planks":3,"minecraft:wall_torch":1,"minecraft:amethyst_block":206,"minecraft:seagrass":2,"minecraft:red_candle":4,"minecraft:powered_rail":5,"minecraft:nether_wart_block":1,"minecraft:light_gray_stained_glass":1,"minecraft:birch_log":54,"minecraft:waxed_copper_block":5,"minecraft:oak_log":91,"minecraft:waxed_oxidized_copper":4,"minecraft:loom":2,"minecraft:dirt":26,"minecraft:smooth_basalt":2,"minecraft:stonecutter":1,"minecraft:netherrack":514,"minecraft:oak_leaves":22,"minecraft:deepslate":525,"minecraft:nether_gold_ore":21,"minecraft:diamond_ore":1,"minecraft:tuff":53,"minecraft:mossy_cobblestone":2,"minecraft:deepslate_diamond_ore":73,"minecraft:glow_lichen":1,"minecraft:decorated_pot":5,"minecraft:crimson_roots":3,"minecraft:weeping_vines":1,"minecraft:spruce_leaves":3,"minecraft:large_fern":4,"minecraft:furnace":2,"minecraft:waxed_copper_grate":8,"minecraft:andesite":16,"minecraft:bell":4,"minecraft:deepslate_iron_ore":6,"minecraft:rail":141,"minecraft:stone":325,"minecraft:bone_block":2,"minecraft:redstone_wall_torch":1,"minecraft:podzol":2,"minecraft:waxed_exposed_copper_bulb":1,"minecraft:spruce_door":2,"minecraft:oak_fence":2,"minecraft:crafting_table":2,"minecraft:short_grass":78,"minecraft:tall_grass":13,"minecraft:copper_ore":14,"minecraft:lapis_ore":8,"minecraft:deepslate_gold_ore":3,"minecraft:diorite":6,"minecraft:birch_planks":6,"minecraft:purple_bed":1,"minecraft:cobblestone_wall":3,"minecraft:waxed_oxidized_copper_grate":1,"minecraft:redstone_torch":4,"minecraft:sweet_berry_bush":4,"minecraft:weathered_copper_grate":1,"minecraft:birch_leaves":9,"minecraft:coal_ore":102,"minecraft:flower_pot":1,"minecraft:gravel":9,"minecraft:fern":1}},"DataVersion":3953}