{"stats":{"minecraft:killed_by":{"minecraft:creeper":1,"minecraft:ravager":2,"minecraft:vindicator":7,"minecraft:piglin":1,"minecraft:zombie":1,"minecraft:vex":7,"minecraft:player":1,"minecraft:skeleton":1},"minecraft:used":{"minecraft:oak_sign":21,"minecraft:chest":11,"minecraft:shield":30,"minecraft:iron_sword":15,"minecraft:bell":4,"minecraft:rotten_flesh":12,"minecraft:iron_chestplate":1,"minecraft:soul_sand":1,"minecraft:crafter":4,"minecraft:glass":33,"minecraft:waxed_oxidized_copper":2,"minecraft:lava_bucket":40,"minecraft:waxed_exposed_copper_bulb":1,"minecraft:birch_button":3,"minecraft:ominous_bottle":1,"minecraft:furnace":5,"minecraft:egg":6,"minecraft:golden_boots":2,"minecraft:diamond_boots":4,"minecraft:oak_planks":1,"minecraft:stone_pickaxe":490,"minecraft:powered_rail":24,"minecraft:wooden_pickaxe":34,"minecraft:sugar_cane":29,"minecraft:diamond_axe":853,"minecraft:golden_apple":1,"minecraft:glow_berries":6,"minecraft:sand":2,"minecraft:loom":2,"minecraft:blast_furnace":2,"minecraft:crossbow":81,"minecraft:redstone_torch":19,"minecraft:bread":27,"minecraft:grindstone":1,"minecraft:smithing_table":1,"minecraft:birch_log":2,"minecraft:oak_boat":15,"minecraft:chest_minecart":1,"minecraft:flint_and_steel":1,"minecraft:redstone":40,"minecraft:cooked_chicken":8,"minecraft:netherrack":1277,"minecraft:trial_key":4,"minecraft:brewing_stand":1,"minecraft:torch":53,"minecraft:anvil":1,"minecraft:spyglass":303,"minecraft:dirt":328,"minecraft:hopper":4,"minecraft:cobblestone_wall":89,"minecraft:diamond_helmet":2,"minecraft:wooden_axe":41,"minecraft:chipped_anvil":2,"minecraft:totem_of_undying":1,"minecraft:diamond_chestplate":6,"minecraft:minecart":22,"minecraft:observer":9,"minecraft:cooked_beef":16,"minecraft:cobbled_deepslate":476,"minecraft:iron_leggings":1,"minecraft:cooked_mutton":39,"minecraft:water_bucket":79,"minecraft:cobblestone_stairs":5,"minecraft:birch_planks":6,"minecraft:baked_potato":23,"minecraft:stonecutter":1,"minecraft:cobblestone_slab":6,"minecraft:rail":327,"minecraft:crafting_table":7,"minecraft:red_mushroom":1,"minecraft:white_bed":7,"minecraft:cake":1,"minecraft:piston":20,"minecraft:diamond_pickaxe":5716,"minecraft:apple":3,"minecraft:diamond_shovel":508,"minecraft:ominous_trial_key":2,"minecraft:wind_charge":6,"minecraft:iron_pickaxe":251,"minecraft:crimson_sign":8,"minecraft:stone_axe":199,"minecraft:cobblestone":427,"minecraft:potion":2,"minecraft:purple_bed":4,"minecraft:cobbled_deepslate_slab":2,"minecraft:porkchop":6,"minecraft:cooked_porkchop":19,"minecraft:bucket":119,"minecraft:diamond_leggings":6},"minecraft:custom":{"minecraft:interact_with_crafting_table":125,"minecraft:open_barrel":14,"minecraft:bell_ring":44,"minecraft:eat_cake_slice":4,"minecraft:leave_game":9,"minecraft:time_since_death":42185,"minecraft:sprint_one_cm":1053739,"minecraft:damage_blocked_by_shield":2036,"minecraft:drop":299,"minecraft:talked_to_villager":15,"minecraft:play_time":1125489,"minecraft:deaths":31,"minecraft:jump":8464,"minecraft:interact_with_brewingstand":1,"minecraft:walk_on_water_one_cm":115682,"minecraft:interact_with_furnace":141,"minecraft:traded_with_villager":7,"minecraft:interact_with_loom":1,"minecraft:sleep_in_bed":26,"minecraft:damage_dealt":44896,"minecraft:crouch_one_cm":171098,"minecraft:inspect_dispenser":13,"minecraft:interact_with_smithing_table":3,"minecraft:mob_kills":291,"minecraft:interact_with_anvil":4,"minecraft:inspect_hopper":1,"minecraft:climb_one_cm":4540,"minecraft:walk_one_cm":2991721,"minecraft:raid_win":1,"minecraft:sneak_time":50251,"minecraft:walk_under_water_one_cm":56446,"minecraft:boat_one_cm":96538,"minecraft:interact_with_blast_furnace":40,"minecraft:total_world_time":1125489,"minecraft:interact_with_grindstone":7,"minecraft:interact_with_stonecutter":6,"minecraft:time_since_rest":42216,"minecraft:damage_taken":19558,"minecraft:damage_absorbed":39,"minecraft:minecart_one_cm":84306,"minecraft:swim_one_cm":66573,"minecraft:fly_one_cm":1266508,"minecraft:open_chest":411,"minecraft:fall_one_cm":241759},"minecraft:killed":{"minecraft:cave_spider":9,"minecraft:zombified_piglin":2,"minecraft:witch":1,"minecraft:spider":26,"minecraft:skeleton":32,"minecraft:chicken":7,"minecraft:silverfish":4,"minecraft:magma_cube":10,"minecraft:piglin":6,"minecraft:pig":9,"minecraft:zombie_villager":1,"minecraft:salmon":2,"minecraft:creeper":2,"minecraft:sheep":30,"minecraft:pillager":10,"minecraft:zombie":68,"minecraft:ghast":1,"minecraft:glow_squid":1,"minecraft:blaze":6,"minecraft:cow":21,"minecraft:vex":2,"minecraft:bogged":17,"minecraft:vindicator":3,"minecraft:phantom":2,"minecraft:drowned":1,"minecraft:ravager":2,"minecraft:hoglin":5,"minecraft:breeze":2,"minecraft:wither_skeleton":1,"minecraft:enderman":1},"minecraft:dropped":{"minecraft:iron_sword":1,"minecraft:birch_planks":32,"minecraft:diamond_axe":10,"minecraft:ominous_bottle":1,"minecraft:cooked_beef":41,"minecraft:oak_log":85,"minecraft:baked_potato":7,"minecraft:glass_bottle":1,"minecraft:diamond":47,"minecraft:crafting_table":1,"minecraft:cooked_porkchop":9,"minecraft:weeping_vines":2,"minecraft:glow_berries":5,"minecraft:leather":3,"minecraft:flint":7,"minecraft:red_mushroom":1,"minecraft:emerald":4,"minecraft:cobblestone_stairs":1,"minecraft:dirt":17,"minecraft:mutton":1,"minecraft:crimson_roots":1,"minecraft:gold_nugget":64,"minecraft:sand":165,"minecraft:sugar":1,"minecraft:iron_pickaxe":1,"minecraft:birch_log":7,"minecraft:white_wool":12,"minecraft:bone":9,"minecraft:gravel":76,"minecraft:red_glazed_terracotta":2,"minecraft:stone_axe":1,"minecraft:blackstone":30,"minecraft:spyglass":2,"minecraft:cooked_chicken":4,"minecraft:cobbled_deepslate":10,"minecraft:chiseled_tuff_bricks":4,"minecraft:rotten_flesh":17,"minecraft:oak_planks":39,"minecraft:diamond_shovel":1,"minecraft:glowstone_dust":64,"minecraft:cooked_mutton":29,"minecraft:honey_bottle":1,"minecraft:white_bed":1,"minecraft:carrot":1,"minecraft:waxed_copper_block":7,"minecraft:poppy":1,"minecraft:netherrack":346,"minecraft:water_bucket":2,"minecraft:golden_boots":1,"minecraft:bread":6,"minecraft:diamond_leggings":3,"minecraft:feather":4,"minecraft:cobblestone":27,"minecraft:iron_helmet":1,"minecraft:waxed_copper_grate":4,"minecraft:polished_tuff":2,"minecraft:amethyst_block":220,"minecraft:granite":25,"minecraft:ominous_trial_key":1,"minecraft:golden_apple":2,"minecraft:flow_armor_trim_smithing_template":1,"minecraft:stick":67,"minecraft:lava_bucket":1,"minecraft:gray_wool":4,"minecraft:diorite":4,"minecraft:golden_carrot":4,"minecraft:torch":221,"minecraft:diamond_helmet":4,"minecraft:waxed_oxidized_copper":2,"minecraft:potion":1,"minecraft:dead_bush":3,"minecraft:iron_leggings":1,"minecraft:white_banner":1,"minecraft:string":1,"minecraft:bucket":3,"minecraft:bamboo_planks":1,"minecraft:tuff_bricks":1,"minecraft:soul_soil":1,"minecraft:raw_copper":5,"minecraft:polished_tuff_slab":1,"minecraft:tuff":2,"minecraft:raw_iron":2,"minecraft:chicken":1,"minecraft:light_gray_wool":1,"minecraft:iron_boots":1,"minecraft:name_tag":2,"minecraft:cobbled_deepslate_slab":2,"minecraft:nether_bricks":326,"minecraft:diamond_sword":5,"minecraft:shield":3,"minecraft:flower_pot":4,"minecraft:trial_key":17,"minecraft:diamond_chestplate":5,"minecraft:andesite":2,"minecraft:diamond_pickaxe":6,"minecraft:iron_chestplate":1,"minecraft:oak_boat":3,"minecraft:oak_sapling":3,"minecraft:waxed_oxidized_cut_copper":3,"minecraft:spider_eye":5,"minecraft:diamond_boots":4,"minecraft:spruce_log":8,"minecraft:stone_pickaxe":5,"minecraft:bow":3,"minecraft:magma_cream":2,"minecraft:magma_block":25,"minecraft:black_wool":1},"minecraft:picked_up":{"minecraft:iron_chestplate":1,"minecraft:wheat":6,"minecraft:flower_pot":4,"minecraft:diamond_sword":3,"minecraft:potion":4,"minecraft:enchanted_book":1,"minecraft:amethyst_block":449,"minecraft:raw_copper":39,"minecraft:string":64,"minecraft:soul_soil":1,"minecraft:red_candle":14,"minecraft:oak_sign":4,"minecraft:activator_rail":2,"minecraft:diamond_leggings":12,"minecraft:gold_nugget":196,"minecraft:cobbled_deepslate":909,"minecraft:bucket":4,"minecraft:trial_key":21,"minecraft:redstone_torch":8,"minecraft:cobblestone_slab":1,"minecraft:calcite":22,"minecraft:iron_pickaxe":1,"minecraft:crimson_sign":2,"minecraft:iron_boots":1,"minecraft:furnace":2,"minecraft:tipped_arrow":28,"minecraft:stick":88,"minecraft:oak_fence":1,"minecraft:torch":264,"minecraft:porkchop":26,"minecraft:pointed_dripstone":19,"minecraft:waxed_copper_grate":4,"minecraft:diorite":8,"minecraft:rotten_flesh":53,"minecraft:iron_block":1,"minecraft:blaze_rod":2,"minecraft:cobblestone":755,"minecraft:birch_log":97,"minecraft:magma_block":26,"minecraft:feather":9,"minecraft:cooked_beef":1,"minecraft:magma_cream":4,"minecraft:water_bucket":8,"minecraft:andesite":27,"minecraft:brown_wool":1,"minecraft:potato":13,"minecraft:flint":9,"minecraft:tuff":79,"minecraft:lapis_lazuli":183,"minecraft:dirt":409,"minecraft:name_tag":5,"minecraft:twisting_vines":2,"minecraft:bone":61,"minecraft:chipped_anvil":2,"minecraft:bow":8,"minecraft:stonecutter":1,"minecraft:wheat_seeds":30,"minecraft:raw_gold":40,"minecraft:cobbled_deepslate_slab":2,"minecraft:bell":5,"minecraft:grindstone":1,"minecraft:diamond_helmet":8,"minecraft:glowstone_dust":74,"minecraft:powered_rail":11,"minecraft:oak_planks":125,"minecraft:sand":167,"minecraft:loom":2,"minecraft:dead_bush":3,"minecraft:mossy_cobblestone":2,"minecraft:weathered_copper_grate":1,"minecraft:sugar":1,"minecraft:diamond":138,"minecraft:breeze_rod":4,"minecraft:crossbow":7,"minecraft:granite":30,"minecraft:bone_meal":8,"minecraft:golden_apple":3,"minecraft:emerald":37,"minecraft:bread":37,"minecraft:oak_sapling":4,"minecraft:netherrack":3145,"minecraft:ominous_trial_key":3,"minecraft:crimson_roots":4,"minecraft:diamond_pickaxe":13,"minecraft:waxed_oxidized_cut_copper":3,"minecraft:crafting_table":6,"minecraft:ominous_bottle":6,"minecraft:chicken":6,"minecraft:nether_wart":54,"minecraft:chest_minecart":3,"minecraft:wooden_pickaxe":1,"minecraft:brick":38,"minecraft:shield":16,"minecraft:wind_charge":25,"minecraft:blackstone":30,"minecraft:detector_rail":6,"minecraft:beef":42,"minecraft:oak_boat":21,"minecraft:chiseled_tuff":1,"minecraft:observer":5,"minecraft:iron_nugget":3,"minecraft:poppy":1,"minecraft:phantom_membrane":1,"minecraft:light_gray_wool":1,"minecraft:minecart":21,"minecraft:sugar_cane":51,"minecraft:chest":2,"minecraft:birch_sapling":4,"minecraft:piston":4,"minecraft:waxed_oxidized_copper":7,"minecraft:egg":6,"minecraft:raw_iron":93,"minecraft:carrot":1,"minecraft:redstone":120,"minecraft:brown_dye":1,"minecraft:arrow":64,"minecraft:weeping_vines":3,"minecraft:diamond_chestplate":9,"minecraft:nether_bricks":326,"minecraft:diamond_boots":8,"minecraft:totem_of_undying":3,"minecraft:gold_ingot":2,"minecraft:saddle":8,"minecraft:flow_armor_trim_smithing_template":1,"minecraft:tuff_bricks":11,"minecraft:bone_block":15,"minecraft:glow_berries":5,"minecraft:mutton":45,"minecraft:rail":267,"minecraft:white_wool":28,"minecraft:basalt":53,"minecraft:golden_carrot":4,"minecraft:glow_ink_sac":7,"minecraft:crimson_stem":15,"minecraft:salmon":2,"minecraft:leather":27,"minecraft:red_glazed_terracotta":2,"minecraft:red_mushroom":2,"minecraft:crafter":3,"minecraft:birch_planks":29,"minecraft:waxed_copper_bulb":1,"minecraft:ancient_debris":33,"minecraft:oak_log":147,"minecraft:waxed_copper_block":7,"minecraft:cobblestone_wall":7,"minecraft:golden_boots":2,"minecraft:nether_wart_block":1,"minecraft:gunpowder":7,"minecraft:cobblestone_stairs":5,"minecraft:white_banner":14,"minecraft:cooked_mutton":10,"minecraft:polished_tuff_slab":1,"minecraft:stone_pickaxe":13,"minecraft:iron_ingot":38,"minecraft:cooked_chicken":6,"minecraft:iron_sword":10,"minecraft:soul_sand":22,"minecraft:smooth_basalt":8,"minecraft:sweet_berries":13,"minecraft:quartz":83,"minecraft:waxed_exposed_copper_bulb":1,"minecraft:spyglass":6,"minecraft:gravel":87,"minecraft:lava_bucket":7,"minecraft:amethyst_shard":41,"minecraft:spruce_sapling":2,"minecraft:blast_furnace":2,"minecraft:white_bed":5,"minecraft:polished_tuff":4,"minecraft:spider_eye":16,"minecraft:spruce_door":2,"minecraft:diamond_shovel":1,"minecraft:pumpkin_seeds":13,"minecraft:purple_bed":4,"minecraft:stone_axe":5,"minecraft:iron_helmet":1,"minecraft:diamond_axe":20,"minecraft:gray_wool":3,"minecraft:baked_potato":80,"minecraft:black_wool":2,"minecraft:coal":259,"minecraft:chiseled_tuff_bricks":4},"minecraft:broken":{"minecraft:diamond_helmet":1,"minecraft:stone_pickaxe":3,"minecraft:diamond_pickaxe":1,"minecraft:stone_axe":2,"minecraft:wooden_axe":1,"minecraft:diamond_leggings":1,"minecraft:iron_pickaxe":1},"minecraft:crafted":{"minecraft:oak_planks":252,"minecraft:cobblestone_slab":6,"minecraft:oak_sign":15,"minecraft:crimson_sign":6,"minecraft:cooked_chicken":6,"minecraft:sand":56,"minecraft:stone":6,"minecraft:cobblestone_stairs":2,"minecraft:diamond_shovel":1,"minecraft:cooked_mutton":51,"minecraft:glass":64,"minecraft:hopper":4,"minecraft:diamond_helmet":5,"minecraft:diamond_leggings":4,"minecraft:chest":14,"minecraft:rail":128,"minecraft:birch_button":4,"minecraft:golden_boots":2,"minecraft:dropper":1,"minecraft:cooked_porkchop":28,"minecraft:diamond_axe":1,"minecraft:crafting_table":4,"minecraft:spruce_planks":60,"minecraft:wooden_pickaxe":1,"minecraft:baked_potato":26,"minecraft:smithing_table":1,"minecraft:brewing_stand":1,"minecraft:copper_ingot":28,"minecraft:birch_planks":204,"minecraft:diamond_pickaxe":7,"minecraft:charcoal":16,"minecraft:shield":4,"minecraft:stick":272,"minecraft:crafter":1,"minecraft:iron_ingot":153,"minecraft:iron_pickaxe":1,"minecraft:iron_block":46,"minecraft:gold_ingot":42,"minecraft:redstone_torch":15,"minecraft:cobbled_deepslate_slab":2,"minecraft:spyglass":2,"minecraft:furnace":3,"minecraft:piston":16,"minecraft:bone_meal":128,"minecraft:flint_and_steel":1,"minecraft:stone_pickaxe":4,"minecraft:cobblestone_wall":36,"minecraft:diamond_boots":4,"minecraft:observer":4,"minecraft:minecart":6,"minecraft:cooked_beef":56,"minecraft:crimson_planks":60,"minecraft:diamond_sword":2,"minecraft:powered_rail":18,"minecraft:iron_sword":1,"minecraft:bucket":2,"minecraft:stone_axe":1,"minecraft:air":0,"minecraft:oak_boat":5,"minecraft:wooden_axe":1,"minecraft:anvil":1,"minecraft:white_bed":2,"minecraft:torch":216,"minecraft:diamond_chestplate":4},"minecraft:mined":{"minecraft:waxed_cut_copper_slab":1,"minecraft:white_bed":8,"minecraft:cobblestone_stairs":5,"minecraft:potted_dead_bush":3,"minecraft:cave_vines_plant":2,"minecraft:granite":28,"minecraft:budding_amethyst":17,"minecraft:grass_block":20,"minecraft:soul_soil":1,"minecraft:chiseled_tuff_bricks":5,"minecraft:oak_wall_sign":6,"minecraft:nether_wart":38,"minecraft:tuff_bricks":15,"minecraft:tall_seagrass":1,"minecraft:weeping_vines_plant":5,"minecraft:magma_block":6,"minecraft:glowstone":30,"minecraft:iron_ore":69,"minecraft:cobbled_deepslate":162,"minecraft:fire":10,"minecraft:polished_tuff":2,"minecraft:deepslate_lapis_ore":2,"minecraft:azure_bluet":1,"minecraft:twisting_vines":4,"minecraft:pointed_dripstone":9,"minecraft:cave_vines":7,"minecraft:oak_sign":3,"minecraft:dirt_path":4,"minecraft:small_amethyst_bud":1,"minecraft:polished_tuff_slab":1,"minecraft:deepslate_redstone_ore":16,"minecraft:blackstone":24,"minecraft:crimson_nylium":8,"minecraft:medium_amethyst_bud":2,"minecraft:amethyst_cluster":10,"minecraft:torch":8,"minecraft:blast_furnace":2,"minecraft:calcite":21,"minecraft:chest":2,"minecraft:nether_quartz_ore":67,"minecraft:glass":1,"minecraft:cobblestone":224,"minecraft:grindstone":1,"minecraft:sugar_cane":27,"minecraft:oak_planks":3,"minecraft:waxed_chiseled_copper":4,"minecraft:wall_torch":3,"minecraft:amethyst_block":215,"minecraft:seagrass":2,"minecraft:warped_nylium":1,"minecraft:red_candle":4,"minecraft:powered_rail":6,"minecraft:nether_wart_block":1,"minecraft:light_gray_stained_glass":1,"minecraft:birch_log":90,"minecraft:waxed_copper_block":5,"minecraft:oak_log":128,"minecraft:waxed_oxidized_copper":4,"minecraft:loom":2,"minecraft:sand":170,"minecraft:dirt":81,"minecraft:smooth_basalt":8,"minecraft:stonecutter":1,"minecraft:ancient_debris":26,"minecraft:netherrack":3043,"minecraft:piston":4,"minecraft:oak_leaves":24,"minecraft:deepslate":692,"minecraft:nether_gold_ore":46,"minecraft:diamond_ore":8,"minecraft:tuff":90,"minecraft:mossy_cobblestone":2,"minecraft:deepslate_diamond_ore":131,"minecraft:crafter":3,"minecraft:nether_bricks":340,"minecraft:glow_lichen":1,"minecraft:decorated_pot":5,"minecraft:crimson_roots":6,"minecraft:weeping_vines":2,"minecraft:redstone_wire":12,"minecraft:spruce_leaves":3,"minecraft:crimson_stem":15,"minecraft:large_fern":4,"minecraft:furnace":2,"minecraft:waxed_copper_grate":8,"minecraft:andesite":17,"minecraft:bell":4,"minecraft:cobblestone_slab":1,"minecraft:deepslate_iron_ore":6,"minecraft:rail":175,"minecraft:stripped_oak_log":2,"minecraft:stone":472,"minecraft:bone_block":17,"minecraft:redstone_wall_torch":1,"minecraft:podzol":2,"minecraft:waxed_exposed_copper_bulb":1,"minecraft:soul_sand":21,"minecraft:basalt":53,"minecraft:observer":5,"minecraft:spruce_door":2,"minecraft:oak_fence":2,"minecraft:crafting_table":6,"minecraft:short_grass":100,"minecraft:tall_grass":29,"minecraft:copper_ore":14,"minecraft:deepslate_gold_ore":35,"minecraft:lapis_ore":16,"minecraft:diorite":6,"minecraft:purple_bed":3,"minecraft:birch_planks":6,"minecraft:cobblestone_wall":8,"minecraft:waxed_oxidized_copper_grate":1,"minecraft:redstone_torch":5,"minecraft:sweet_berry_bush":4,"minecraft:weathered_copper_grate":1,"minecraft:birch_leaves":9,"minecraft:coal_ore":243,"minecraft:gravel":80,"minecraft:flower_pot":1,"minecraft:chipped_anvil":2,"minecraft:fern":1}},"DataVersion":3953}