{"stats":{"minecraft:crafted":{"minecraft:oak_planks":80,"minecraft:cooked_chicken":4,"minecraft:cooked_mutton":28,"minecraft:diamond_helmet":3,"minecraft:diamond_leggings":2,"minecraft:chest":4,"minecraft:rail":96,"minecraft:golden_boots":2,"minecraft:cooked_porkchop":7,"minecraft:diamond_axe":1,"minecraft:crafting_table":1,"minecraft:spruce_planks":60,"minecraft:wooden_pickaxe":1,"minecraft:baked_potato":26,"minecraft:copper_ingot":28,"minecraft:birch_planks":44,"minecraft:charcoal":16,"minecraft:diamond_pickaxe":2,"minecraft:shield":4,"minecraft:stick":68,"minecraft:iron_ingot":107,"minecraft:iron_pickaxe":1,"minecraft:gold_ingot":21,"minecraft:redstone_torch":11,"minecraft:cobbled_deepslate_slab":2,"minecraft:spyglass":2,"minecraft:furnace":1,"minecraft:flint_and_steel":1,"minecraft:stone_pickaxe":4,"minecraft:diamond_boots":3,"minecraft:minecart":6,"minecraft:cooked_beef":20,"minecraft:diamond_sword":1,"minecraft:powered_rail":18,"minecraft:iron_sword":1,"minecraft:bucket":2,"minecraft:stone_axe":1,"minecraft:air":0,"minecraft:oak_boat":5,"minecraft:wooden_axe":1,"minecraft:white_bed":2,"minecraft:torch":60,"minecraft:diamond_chestplate":3},"minecraft:picked_up":{"minecraft:iron_chestplate":1,"minecraft:wheat":6,"minecraft:flower_pot":4,"minecraft:diamond_sword":2,"minecraft:enchanted_book":1,"minecraft:amethyst_block":444,"minecraft:string":30,"minecraft:raw_copper":34,"minecraft:activator_rail":2,"minecraft:diamond_leggings":11,"minecraft:gold_nugget":91,"minecraft:cobbled_deepslate":586,"minecraft:bucket":3,"minecraft:trial_key":17,"minecraft:redstone_torch":5,"minecraft:calcite":15,"minecraft:iron_pickaxe":1,"minecraft:furnace":2,"minecraft:iron_boots":1,"minecraft:tipped_arrow":5,"minecraft:stick":28,"minecraft:oak_fence":1,"minecraft:torch":149,"minecraft:porkchop":7,"minecraft:diorite":4,"minecraft:rotten_flesh":31,"minecraft:cobblestone":427,"minecraft:birch_log":57,"minecraft:magma_block":1,"minecraft:feather":3,"minecraft:water_bucket":8,"minecraft:andesite":25,"minecraft:brown_wool":1,"minecraft:potato":13,"minecraft:flint":2,"minecraft:tuff":56,"minecraft:lapis_lazuli":119,"minecraft:dirt":320,"minecraft:name_tag":2,"minecraft:bone":32,"minecraft:stonecutter":1,"minecraft:bow":5,"minecraft:wheat_seeds":25,"minecraft:raw_gold":5,"minecraft:cobbled_deepslate_slab":2,"minecraft:bell":5,"minecraft:grindstone":1,"minecraft:glowstone_dust":74,"minecraft:diamond_helmet":6,"minecraft:powered_rail":8,"minecraft:oak_planks":125,"minecraft:dead_bush":3,"minecraft:loom":2,"minecraft:mossy_cobblestone":2,"minecraft:sugar":1,"minecraft:diamond":79,"minecraft:breeze_rod":2,"minecraft:crossbow":5,"minecraft:granite":5,"minecraft:golden_apple":2,"minecraft:bread":33,"minecraft:emerald":15,"minecraft:oak_sapling":1,"minecraft:netherrack":647,"minecraft:crimson_roots":3,"minecraft:diamond_pickaxe":11,"minecraft:crafting_table":2,"minecraft:ominous_bottle":1,"minecraft:chicken":2,"minecraft:chest_minecart":3,"minecraft:wooden_pickaxe":1,"minecraft:brick":1,"minecraft:shield":16,"minecraft:wind_charge":3,"minecraft:detector_rail":6,"minecraft:beef":19,"minecraft:oak_boat":18,"minecraft:iron_nugget":3,"minecraft:minecart":15,"minecraft:sugar_cane":25,"minecraft:chest":1,"minecraft:birch_sapling":4,"minecraft:waxed_oxidized_copper":3,"minecraft:egg":6,"minecraft:raw_iron":88,"minecraft:carrot":1,"minecraft:redstone":56,"minecraft:arrow":21,"minecraft:weeping_vines":1,"minecraft:diamond_chestplate":6,"minecraft:diamond_boots":6,"minecraft:totem_of_undying":3,"minecraft:saddle":8,"minecraft:gold_ingot":2,"minecraft:tuff_bricks":8,"minecraft:mutton":23,"minecraft:white_wool":16,"minecraft:rail":189,"minecraft:leather":15,"minecraft:birch_planks":29,"minecraft:oak_log":105,"minecraft:cobblestone_wall":3,"minecraft:golden_boots":2,"minecraft:nether_wart_block":1,"minecraft:gunpowder":4,"minecraft:cobblestone_stairs":2,"minecraft:white_banner":14,"minecraft:iron_ingot":34,"minecraft:stone_pickaxe":11,"minecraft:cooked_chicken":3,"minecraft:iron_sword":10,"minecraft:smooth_basalt":2,"minecraft:sweet_berries":13,"minecraft:quartz":31,"minecraft:spyglass":5,"minecraft:lava_bucket":6,"minecraft:gravel":11,"minecraft:amethyst_shard":41,"minecraft:spruce_sapling":2,"minecraft:blast_furnace":2,"minecraft:white_bed":2,"minecraft:polished_tuff":2,"minecraft:spider_eye":7,"minecraft:spruce_door":2,"minecraft:pumpkin_seeds":13,"minecraft:purple_bed":2,"minecraft:stone_axe":5,"minecraft:iron_helmet":1,"minecraft:diamond_axe":11,"minecraft:baked_potato":70,"minecraft:black_wool":1,"minecraft:coal":118},"minecraft:dropped":{"minecraft:iron_sword":1,"minecraft:diamond_axe":1,"minecraft:ominous_bottle":1,"minecraft:cooked_beef":20,"minecraft:oak_log":85,"minecraft:baked_potato":7,"minecraft:cooked_porkchop":3,"minecraft:glow_berries":4,"minecraft:cobblestone_stairs":1,"minecraft:dirt":1,"minecraft:mutton":1,"minecraft:iron_pickaxe":1,"minecraft:birch_log":7,"minecraft:white_wool":1,"minecraft:bone":2,"minecraft:spyglass":1,"minecraft:cooked_chicken":4,"minecraft:oak_planks":39,"minecraft:glowstone_dust":64,"minecraft:carrot":1,"minecraft:water_bucket":2,"minecraft:golden_boots":1,"minecraft:diamond_leggings":1,"minecraft:iron_helmet":1,"minecraft:cobblestone":26,"minecraft:amethyst_block":220,"minecraft:golden_apple":1,"minecraft:stick":10,"minecraft:torch":14,"minecraft:diamond_helmet":1,"minecraft:iron_leggings":1,"minecraft:white_banner":1,"minecraft:bucket":1,"minecraft:iron_boots":1,"minecraft:cobbled_deepslate_slab":2,"minecraft:diamond_sword":3,"minecraft:shield":3,"minecraft:trial_key":14,"minecraft:diamond_chestplate":1,"minecraft:iron_chestplate":1,"minecraft:diamond_pickaxe":2,"minecraft:oak_boat":3,"minecraft:spruce_log":8,"minecraft:diamond_boots":1,"minecraft:stone_pickaxe":1},"minecraft:killed_by":{"minecraft:ravager":2,"minecraft:vindicator":7,"minecraft:vex":7,"minecraft:skeleton":1},"minecraft:custom":{"minecraft:interact_with_crafting_table":65,"minecraft:open_barrel":4,"minecraft:bell_ring":44,"minecraft:leave_game":4,"minecraft:time_since_death":41730,"minecraft:sprint_one_cm":460511,"minecraft:damage_blocked_by_shield":1756,"minecraft:drop":93,"minecraft:talked_to_villager":6,"minecraft:play_time":489310,"minecraft:deaths":20,"minecraft:jump":4355,"minecraft:walk_on_water_one_cm":78458,"minecraft:interact_with_furnace":59,"minecraft:interact_with_loom":1,"minecraft:sleep_in_bed":17,"minecraft:damage_dealt":23233,"minecraft:crouch_one_cm":45159,"minecraft:inspect_dispenser":6,"minecraft:mob_kills":125,"minecraft:climb_one_cm":4186,"minecraft:walk_one_cm":1375218,"minecraft:raid_win":1,"minecraft:sneak_time":16490,"minecraft:walk_under_water_one_cm":24784,"minecraft:boat_one_cm":80668,"minecraft:interact_with_blast_furnace":22,"minecraft:total_world_time":489310,"minecraft:interact_with_stonecutter":3,"minecraft:interact_with_grindstone":7,"minecraft:time_since_rest":39532,"minecraft:damage_taken":10892,"minecraft:damage_absorbed":39,"minecraft:minecart_one_cm":68432,"minecraft:swim_one_cm":35165,"minecraft:fly_one_cm":659248,"minecraft:open_chest":200,"minecraft:fall_one_cm":122372},"minecraft:used":{"minecraft:chest":4,"minecraft:shield":26,"minecraft:iron_sword":15,"minecraft:bell":4,"minecraft:rotten_flesh":12,"minecraft:iron_chestplate":1,"minecraft:lava_bucket":34,"minecraft:furnace":3,"minecraft:egg":6,"minecraft:golden_boots":2,"minecraft:diamond_boots":4,"minecraft:stone_pickaxe":490,"minecraft:powered_rail":21,"minecraft:oak_planks":1,"minecraft:wooden_pickaxe":34,"minecraft:diamond_axe":333,"minecraft:golden_apple":1,"minecraft:glow_berries":2,"minecraft:loom":2,"minecraft:blast_furnace":2,"minecraft:crossbow":10,"minecraft:redstone_torch":16,"minecraft:bread":25,"minecraft:grindstone":1,"minecraft:birch_log":2,"minecraft:chest_minecart":1,"minecraft:oak_boat":13,"minecraft:flint_and_steel":1,"minecraft:trial_key":1,"minecraft:cooked_chicken":3,"minecraft:netherrack":539,"minecraft:torch":45,"minecraft:dirt":29,"minecraft:spyglass":227,"minecraft:diamond_helmet":2,"minecraft:wooden_axe":41,"minecraft:diamond_chestplate":6,"minecraft:minecart":16,"minecraft:cobbled_deepslate":88,"minecraft:iron_leggings":1,"minecraft:cooked_mutton":28,"minecraft:water_bucket":47,"minecraft:birch_planks":6,"minecraft:baked_potato":13,"minecraft:stonecutter":1,"minecraft:rail":247,"minecraft:crafting_table":3,"minecraft:white_bed":5,"minecraft:diamond_pickaxe":1493,"minecraft:apple":3,"minecraft:iron_pickaxe":251,"minecraft:stone_axe":199,"minecraft:cobblestone":154,"minecraft:purple_bed":2,"minecraft:cobbled_deepslate_slab":2,"minecraft:cooked_porkchop":4,"minecraft:bucket":84,"minecraft:diamond_leggings":6},"minecraft:killed":{"minecraft:cave_spider":9,"minecraft:spider":10,"minecraft:skeleton":12,"minecraft:chicken":2,"minecraft:silverfish":4,"minecraft:piglin":2,"minecraft:pig":1,"minecraft:zombie_villager":1,"minecraft:creeper":1,"minecraft:sheep":13,"minecraft:pillager":10,"minecraft:zombie":29,"minecraft:cow":11,"minecraft:vex":2,"minecraft:bogged":7,"minecraft:vindicator":3,"minecraft:drowned":1,"minecraft:ravager":2,"minecraft:hoglin":2},"minecraft:broken":{"minecraft:stone_pickaxe":3,"minecraft:stone_axe":2,"minecraft:wooden_axe":1,"minecraft:iron_pickaxe":1},"minecraft:mined":{"minecraft:white_bed":2,"minecraft:cobblestone_stairs":1,"minecraft:potted_dead_bush":3,"minecraft:granite":5,"minecraft:budding_amethyst":17,"minecraft:grass_block":16,"minecraft:tuff_bricks":6,"minecraft:weeping_vines_plant":2,"minecraft:tall_seagrass":1,"minecraft:magma_block":1,"minecraft:glowstone":21,"minecraft:iron_ore":65,"minecraft:fire":3,"minecraft:cobbled_deepslate":23,"minecraft:polished_tuff":1,"minecraft:dirt_path":3,"minecraft:small_amethyst_bud":1,"minecraft:deepslate_redstone_ore":6,"minecraft:crimson_nylium":4,"minecraft:medium_amethyst_bud":2,"minecraft:amethyst_cluster":10,"minecraft:torch":6,"minecraft:blast_furnace":2,"minecraft:calcite":15,"minecraft:chest":1,"minecraft:nether_quartz_ore":35,"minecraft:cobblestone":93,"minecraft:grindstone":1,"minecraft:sugar_cane":10,"minecraft:oak_planks":3,"minecraft:wall_torch":1,"minecraft:amethyst_block":206,"minecraft:seagrass":2,"minecraft:powered_rail":5,"minecraft:nether_wart_block":1,"minecraft:birch_log":54,"minecraft:oak_log":91,"minecraft:waxed_oxidized_copper":2,"minecraft:loom":2,"minecraft:dirt":24,"minecraft:smooth_basalt":2,"minecraft:stonecutter":1,"minecraft:netherrack":514,"minecraft:oak_leaves":21,"minecraft:deepslate":512,"minecraft:nether_gold_ore":21,"minecraft:diamond_ore":1,"minecraft:tuff":53,"minecraft:mossy_cobblestone":2,"minecraft:deepslate_diamond_ore":73,"minecraft:glow_lichen":1,"minecraft:crimson_roots":3,"minecraft:weeping_vines":1,"minecraft:spruce_leaves":3,"minecraft:large_fern":4,"minecraft:furnace":2,"minecraft:andesite":16,"minecraft:bell":4,"minecraft:deepslate_iron_ore":6,"minecraft:rail":141,"minecraft:stone":287,"minecraft:redstone_wall_torch":1,"minecraft:spruce_door":2,"minecraft:oak_fence":2,"minecraft:crafting_table":2,"minecraft:short_grass":78,"minecraft:tall_grass":13,"minecraft:copper_ore":14,"minecraft:lapis_ore":8,"minecraft:deepslate_gold_ore":3,"minecraft:diorite":2,"minecraft:birch_planks":6,"minecraft:purple_bed":1,"minecraft:cobblestone_wall":3,"minecraft:redstone_torch":4,"minecraft:sweet_berry_bush":4,"minecraft:birch_leaves":9,"minecraft:coal_ore":102,"minecraft:flower_pot":1,"minecraft:gravel":8,"minecraft:fern":1}},"DataVersion":3953}