{"stats":{"minecraft:killed":{"minecraft:spider":3,"minecraft:creeper":4,"minecraft:skeleton":6,"minecraft:zombie":8},"minecraft:used":{"minecraft:wheat_seeds":20,"minecraft:cooked_mutton":6,"minecraft:stone_shovel":30,"minecraft:oak_planks":89,"minecraft:chest":6,"minecraft:diamond_axe":491,"minecraft:stone_hoe":18,"minecraft:oak_leaves":6,"minecraft:torch":69,"minecraft:dirt":76,"minecraft:crafting_table":4,"minecraft:white_bed":2,"minecraft:dark_oak_door":3,"minecraft:shears":745,"minecraft:granite":4,"minecraft:diamond_pickaxe":380,"minecraft:dark_oak_log":122,"minecraft:bread":2,"minecraft:dark_oak_wood":6,"minecraft:dark_oak_leaves":3,"minecraft:diamond_sword":94,"minecraft:golden_carrot":1,"minecraft:cobblestone":46,"minecraft:furnace":1,"minecraft:cooked_beef":8,"minecraft:bone_meal":18},"minecraft:crafted":{"minecraft:oak_planks":256,"minecraft:stone_shovel":1,"minecraft:crafting_table":2,"minecraft:dark_oak_wood":6,"minecraft:furnace":1,"minecraft:bone_meal":18,"minecraft:bread":2,"minecraft:air":0,"minecraft:dark_oak_door":3,"minecraft:diamond_pickaxe":1,"minecraft:stick":32,"minecraft:iron_ingot":15,"minecraft:chest":4,"minecraft:dark_oak_planks":64,"minecraft:torch":100,"minecraft:stone_hoe":1,"minecraft:shears":4},"minecraft:dropped":{"minecraft:stick":5},"minecraft:custom":{"minecraft:interact_with_furnace":11,"minecraft:mob_kills":28,"minecraft:open_barrel":3,"minecraft:interact_with_crafting_table":10,"minecraft:leave_game":1,"minecraft:time_since_death":93589,"minecraft:sleep_in_bed":5,"minecraft:time_since_rest":9454,"minecraft:sprint_one_cm":106584,"minecraft:damage_taken":1319,"minecraft:walk_one_cm":308738,"minecraft:drop":2,"minecraft:damage_dealt":5388,"minecraft:swim_one_cm":22471,"minecraft:fly_one_cm":136942,"minecraft:open_chest":30,"minecraft:crouch_one_cm":5981,"minecraft:play_time":93589,"minecraft:sneak_time":2124,"minecraft:walk_under_water_one_cm":1066,"minecraft:jump":1105,"minecraft:interact_with_blast_furnace":2,"minecraft:walk_on_water_one_cm":5485,"minecraft:total_world_time":93589,"minecraft:fall_one_cm":32840},"minecraft:picked_up":{"minecraft:birch_log":2,"minecraft:wheat":7,"minecraft:crafting_table":2,"minecraft:cooked_beef":8,"minecraft:andesite":20,"minecraft:brown_mushroom":14,"minecraft:diamond_sword":1,"minecraft:red_mushroom":12,"minecraft:tuff":20,"minecraft:oak_log":64,"minecraft:gunpowder":5,"minecraft:lapis_lazuli":13,"minecraft:string":8,"minecraft:dirt":78,"minecraft:raw_copper":18,"minecraft:cooked_mutton":6,"minecraft:bone":6,"minecraft:apple":2,"minecraft:bow":1,"minecraft:wheat_seeds":27,"minecraft:diamond_leggings":1,"minecraft:cobbled_deepslate":59,"minecraft:raw_gold":13,"minecraft:dark_oak_leaves":353,"minecraft:diamond_helmet":1,"minecraft:chest":2,"minecraft:oak_planks":13,"minecraft:dark_oak_sapling":20,"minecraft:raw_iron":15,"minecraft:stick":16,"minecraft:torch":24,"minecraft:gravel":3,"minecraft:diorite":5,"minecraft:white_bed":2,"minecraft:redstone":64,"minecraft:dark_oak_log":330,"minecraft:spider_eye":3,"minecraft:diamond_chestplate":1,"minecraft:arrow":7,"minecraft:rotten_flesh":10,"minecraft:diamond":34,"minecraft:short_grass":1,"minecraft:diamond_boots":1,"minecraft:granite":10,"minecraft:diamond_axe":1,"minecraft:oak_sapling":4,"minecraft:stripped_dark_oak_log":2,"minecraft:coal":29,"minecraft:oak_leaves":304,"minecraft:cobblestone":165,"minecraft:diamond_pickaxe":1},"minecraft:broken":{"minecraft:diamond_pickaxe":1,"minecraft:shears":3},"minecraft:mined":{"minecraft:deepslate_redstone_ore":15,"minecraft:diamond_ore":5,"minecraft:tuff":19,"minecraft:white_bed":1,"minecraft:dark_oak_leaves":449,"minecraft:deepslate_diamond_ore":27,"minecraft:stripped_dark_oak_log":2,"minecraft:dark_oak_log":294,"minecraft:crafting_table":2,"minecraft:torch":6,"minecraft:granite":9,"minecraft:short_grass":48,"minecraft:grass_block":3,"minecraft:chest":2,"minecraft:mushroom_stem":11,"minecraft:brown_mushroom_block":45,"minecraft:copper_ore":3,"minecraft:cobblestone":4,"minecraft:deepslate_gold_ore":7,"minecraft:oak_planks":13,"minecraft:diorite":5,"minecraft:wall_torch":15,"minecraft:iron_ore":6,"minecraft:wheat":7,"minecraft:andesite":19,"minecraft:deepslate_lapis_ore":2,"minecraft:coal_ore":29,"minecraft:oak_log":58,"minecraft:deepslate_iron_ore":9,"minecraft:gravel":3,"minecraft:dirt":37,"minecraft:red_mushroom_block":45,"minecraft:stone":158,"minecraft:gold_ore":6,"minecraft:oak_leaves":330,"minecraft:deepslate":53}},"DataVersion":3953}