{"stats":{"minecraft:used":{"minecraft:cooked_mutton":5,"minecraft:diamond_pickaxe":105,"minecraft:oak_planks":3,"minecraft:diamond_axe":7,"minecraft:diamond_sword":65,"minecraft:dirt":5,"minecraft:cobblestone":28,"minecraft:crafting_table":1,"minecraft:white_bed":1,"minecraft:cooked_beef":2,"minecraft:granite":4},"minecraft:custom":{"minecraft:time_since_rest":24110,"minecraft:sprint_one_cm":59471,"minecraft:damage_taken":445,"minecraft:walk_one_cm":116603,"minecraft:mob_kills":21,"minecraft:damage_dealt":3829,"minecraft:interact_with_crafting_table":1,"minecraft:swim_one_cm":22471,"minecraft:fly_one_cm":92523,"minecraft:crouch_one_cm":900,"minecraft:play_time":34476,"minecraft:sneak_time":249,"minecraft:walk_under_water_one_cm":1066,"minecraft:jump":532,"minecraft:time_since_death":34476,"minecraft:walk_on_water_one_cm":5485,"minecraft:sleep_in_bed":2,"minecraft:total_world_time":34476,"minecraft:fall_one_cm":13005},"minecraft:killed":{"minecraft:skeleton":5,"minecraft:zombie":5,"minecraft:spider":2,"minecraft:creeper":2},"minecraft:picked_up":{"minecraft:birch_log":2,"minecraft:raw_iron":2,"minecraft:stick":1,"minecraft:cooked_beef":8,"minecraft:andesite":1,"minecraft:diamond_sword":1,"minecraft:oak_log":28,"minecraft:white_bed":1,"minecraft:gunpowder":3,"minecraft:dirt":5,"minecraft:dark_oak_log":1,"minecraft:spider_eye":3,"minecraft:string":6,"minecraft:raw_copper":4,"minecraft:cooked_mutton":6,"minecraft:rotten_flesh":5,"minecraft:bone":6,"minecraft:arrow":7,"minecraft:diamond_chestplate":1,"minecraft:bow":1,"minecraft:diamond_leggings":1,"minecraft:diamond_boots":1,"minecraft:diamond_axe":1,"minecraft:granite":4,"minecraft:diamond_helmet":1,"minecraft:oak_sapling":3,"minecraft:oak_planks":3,"minecraft:coal":7,"minecraft:cobblestone":95,"minecraft:diamond_pickaxe":1},"minecraft:mined":{"minecraft:iron_ore":2,"minecraft:dark_oak_log":2,"minecraft:andesite":1,"minecraft:granite":3,"minecraft:short_grass":5,"minecraft:coal_ore":7,"minecraft:oak_log":27,"minecraft:cobblestone":2,"minecraft:stone":90,"minecraft:oak_planks":3,"minecraft:oak_leaves":5},"minecraft:crafted":{"minecraft:oak_planks":112,"minecraft:stone_shovel":1,"minecraft:crafting_table":1,"minecraft:stick":4}},"DataVersion":3953}