{"stats":{"minecraft:used":{"minecraft:white_bed":1,"minecraft:oak_planks":3},"minecraft:custom":{"minecraft:jump":15,"minecraft:time_since_rest":110,"minecraft:damage_taken":10,"minecraft:crouch_one_cm":167,"minecraft:sprint_one_cm":923,"minecraft:play_time":10476,"minecraft:time_since_death":10476,"minecraft:walk_one_cm":31382,"minecraft:sleep_in_bed":2,"minecraft:sneak_time":31,"minecraft:total_world_time":10476,"minecraft:fly_one_cm":40},"minecraft:picked_up":{"minecraft:stick":1,"minecraft:oak_log":10,"minecraft:white_bed":1,"minecraft:oak_sapling":2,"minecraft:oak_planks":3},"minecraft:mined":{"minecraft:oak_log":10,"minecraft:oak_planks":3,"minecraft:oak_leaves":3}},"DataVersion":3953}