{"stats":{"minecraft:crafted":{"minecraft:brick":10,"minecraft:oak_door":9,"minecraft:oak_planks":736,"minecraft:stone_shovel":12,"minecraft:iron_nugget":135,"minecraft:furnace":1,"minecraft:diamond_shovel":1,"minecraft:lantern":6,"minecraft:stone_pickaxe":2,"minecraft:chest":5,"minecraft:flower_pot":2,"minecraft:cooked_beef":3,"minecraft:oak_slab":12,"minecraft:cooked_porkchop":3,"minecraft:diamond_axe":1,"minecraft:crafting_table":2,"minecraft:spruce_planks":32,"minecraft:bucket":2,"minecraft:birch_planks":68,"minecraft:glowstone":38,"minecraft:stone_axe":4,"minecraft:air":0,"minecraft:wooden_hoe":1,"minecraft:stick":100,"minecraft:iron_ingot":19,"minecraft:oak_stairs":36,"minecraft:wooden_axe":1,"minecraft:white_bed":1,"minecraft:torch":64,"minecraft:shears":1},"minecraft:picked_up":{"minecraft:charcoal":4,"minecraft:crafting_table":9,"minecraft:iron_chestplate":1,"minecraft:wheat":6,"minecraft:ominous_bottle":3,"minecraft:chicken":6,"minecraft:diamond_sword":2,"minecraft:wooden_pickaxe":1,"minecraft:oak_stairs":22,"minecraft:potion":1,"minecraft:brick":4,"minecraft:shield":2,"minecraft:amethyst_block":64,"minecraft:music_disc_cat":1,"minecraft:string":13,"minecraft:raw_copper":12,"minecraft:flint_and_steel":1,"minecraft:iron_leggings":1,"minecraft:diamond_leggings":2,"minecraft:gold_nugget":75,"minecraft:cobbled_deepslate":163,"minecraft:bucket":4,"minecraft:beef":4,"minecraft:oak_boat":9,"minecraft:iron_nugget":1,"minecraft:iron_pickaxe":1,"minecraft:minecart":3,"minecraft:sugar_cane":21,"minecraft:chest":10,"minecraft:birch_sapling":5,"minecraft:phantom_membrane":2,"minecraft:furnace":2,"minecraft:iron_boots":1,"minecraft:egg":15,"minecraft:stick":62,"minecraft:raw_iron":59,"minecraft:oak_door":10,"minecraft:oak_fence":63,"minecraft:copper_ingot":22,"minecraft:torch":19,"minecraft:porkchop":3,"minecraft:carrot":2,"minecraft:redstone":170,"minecraft:weeping_vines":3,"minecraft:rotten_flesh":63,"minecraft:diamond_chestplate":2,"minecraft:arrow":23,"minecraft:shears":1,"minecraft:diamond_boots":2,"minecraft:gold_ingot":2,"minecraft:glow_berries":8,"minecraft:mutton":11,"minecraft:rail":33,"minecraft:white_wool":17,"minecraft:cobblestone":208,"minecraft:birch_log":25,"minecraft:stripped_oak_log":17,"minecraft:magma_block":1,"minecraft:feather":7,"minecraft:cooked_beef":22,"minecraft:water_bucket":3,"minecraft:andesite":6,"minecraft:leather":20,"minecraft:brown_wool":1,"minecraft:potato":16,"minecraft:birch_planks":15,"minecraft:flint":4,"minecraft:tuff":94,"minecraft:oak_log":284,"minecraft:gunpowder":4,"minecraft:golden_boots":1,"minecraft:cobblestone_wall":1,"minecraft:wooden_hoe":1,"minecraft:lapis_lazuli":119,"minecraft:dirt":2625,"minecraft:lantern":6,"minecraft:white_banner":4,"minecraft:bone":23,"minecraft:apple":3,"minecraft:cooked_chicken":1,"minecraft:stonecutter":1,"minecraft:bow":3,"minecraft:wheat_seeds":125,"minecraft:raw_gold":15,"minecraft:grindstone":2,"minecraft:glass_bottle":2,"minecraft:diamond_helmet":2,"minecraft:glowstone_dust":162,"minecraft:oak_planks":208,"minecraft:iron_sword":1,"minecraft:oak_slab":16,"minecraft:cooked_porkchop":3,"minecraft:sweet_berries":25,"minecraft:quartz":125,"minecraft:spyglass":2,"minecraft:gravel":37,"minecraft:spruce_sapling":2,"minecraft:blast_furnace":2,"minecraft:white_bed":2,"minecraft:spruce_log":24,"minecraft:loom":2,"minecraft:spider_eye":7,"minecraft:diamond_shovel":1,"minecraft:purple_bed":1,"minecraft:sugar":1,"minecraft:slime_ball":2,"minecraft:diamond":20,"minecraft:crossbow":1,"minecraft:iron_helmet":2,"minecraft:diamond_axe":1,"minecraft:granite":2,"minecraft:golden_apple":1,"minecraft:bread":15,"minecraft:emerald":2,"minecraft:baked_potato":5,"minecraft:oak_sapling":5,"minecraft:black_wool":1,"minecraft:netherrack":101,"minecraft:coal":43,"minecraft:oak_leaves":22,"minecraft:crimson_roots":1,"minecraft:diamond_pickaxe":2},"minecraft:dropped":{"minecraft:water_bucket":1,"minecraft:ominous_bottle":1,"minecraft:minecart":1,"minecraft:cobblestone":22,"minecraft:amethyst_block":64,"minecraft:rail":33,"minecraft:wooden_axe":1,"minecraft:string":1,"minecraft:birch_log":1,"minecraft:bucket":3,"minecraft:stone_axe":1,"minecraft:cobbled_deepslate":1,"minecraft:spruce_planks":4,"minecraft:purple_bed":1,"minecraft:oak_sapling":1,"minecraft:stone_pickaxe":1,"minecraft:quartz":51,"minecraft:netherrack":19},"minecraft:killed_by":{"minecraft:vindicator":1,"minecraft:skeleton":1,"minecraft:zombie":1},"minecraft:custom":{"minecraft:mob_kills":87,"minecraft:interact_with_crafting_table":49,"minecraft:leave_game":2,"minecraft:time_since_death":14652,"minecraft:sprint_one_cm":492360,"minecraft:walk_one_cm":1447039,"minecraft:damage_blocked_by_shield":234,"minecraft:drop":38,"minecraft:talked_to_villager":3,"minecraft:play_time":438742,"minecraft:deaths":3,"minecraft:sneak_time":7307,"minecraft:walk_under_water_one_cm":9192,"minecraft:boat_one_cm":95864,"minecraft:jump":3293,"minecraft:interact_with_blast_furnace":13,"minecraft:walk_on_water_one_cm":30863,"minecraft:total_world_time":438742,"minecraft:interact_with_furnace":28,"minecraft:traded_with_villager":1,"minecraft:interact_with_loom":1,"minecraft:raid_trigger":1,"minecraft:interact_with_grindstone":2,"minecraft:interact_with_stonecutter":1,"minecraft:sleep_in_bed":15,"minecraft:time_since_rest":14727,"minecraft:damage_taken":3570,"minecraft:minecart_one_cm":18686,"minecraft:damage_dealt":12958,"minecraft:swim_one_cm":19477,"minecraft:fly_one_cm":486293,"minecraft:open_chest":138,"minecraft:crouch_one_cm":25281,"minecraft:fall_one_cm":69783},"minecraft:killed":{"minecraft:cave_spider":6,"minecraft:witch":4,"minecraft:vindicator":3,"minecraft:spider":5,"minecraft:slime":1,"minecraft:phantom":3,"minecraft:skeleton":12,"minecraft:chicken":2,"minecraft:pig":2,"minecraft:zombie_villager":1,"minecraft:creeper":2,"minecraft:sheep":5,"minecraft:pillager":10,"minecraft:zombie":22,"minecraft:cow":3},"minecraft:used":{"minecraft:oak_fence":13,"minecraft:stone_shovel":1564,"minecraft:chest":16,"minecraft:shield":4,"minecraft:iron_sword":36,"minecraft:cooked_chicken":1,"minecraft:rotten_flesh":17,"minecraft:netherrack":1,"minecraft:oak_door":16,"minecraft:torch":78,"minecraft:dirt":1299,"minecraft:spyglass":92,"minecraft:carrot":2,"minecraft:weeping_vines":3,"minecraft:wooden_axe":31,"minecraft:lantern":12,"minecraft:oak_stairs":52,"minecraft:glowstone":13,"minecraft:bow":12,"minecraft:ominous_bottle":1,"minecraft:furnace":3,"minecraft:oak_sapling":3,"minecraft:cooked_beef":23,"minecraft:cobbled_deepslate":381,"minecraft:wheat_seeds":19,"minecraft:water_bucket":22,"minecraft:birch_planks":19,"minecraft:stone_pickaxe":132,"minecraft:oak_planks":783,"minecraft:diamond_axe":394,"minecraft:stonecutter":1,"minecraft:oak_leaves":20,"minecraft:oak_slab":24,"minecraft:blast_furnace":2,"minecraft:crafting_table":7,"minecraft:loom":2,"minecraft:white_bed":2,"minecraft:shears":21,"minecraft:oak_log":16,"minecraft:wooden_hoe":35,"minecraft:flower_pot":2,"minecraft:diamond_pickaxe":333,"minecraft:diamond_shovel":555,"minecraft:iron_pickaxe":250,"minecraft:stone_axe":311,"minecraft:cobblestone":29,"minecraft:white_banner":2,"minecraft:grindstone":2,"minecraft:cooked_porkchop":6,"minecraft:andesite":5,"minecraft:bucket":22,"minecraft:oak_boat":3,"minecraft:stripped_oak_log":16},"minecraft:broken":{"minecraft:stone_pickaxe":1,"minecraft:stone_axe":2,"minecraft:iron_pickaxe":1,"minecraft:stone_shovel":11},"minecraft:mined":{"minecraft:tuff":87,"minecraft:white_bed":2,"minecraft:farmland":1,"minecraft:deepslate_diamond_ore":16,"minecraft:grass_block":1976,"minecraft:weeping_vines":1,"minecraft:spruce_leaves":5,"minecraft:large_fern":1,"minecraft:weeping_vines_plant":1,"minecraft:glowstone":33,"minecraft:furnace":2,"minecraft:carrots":1,"minecraft:iron_ore":44,"minecraft:cobbled_deepslate":29,"minecraft:andesite":5,"minecraft:deepslate_lapis_ore":12,"minecraft:deepslate_iron_ore":8,"minecraft:dirt_path":2,"minecraft:rail":34,"minecraft:oak_stairs":22,"minecraft:lantern":6,"minecraft:stripped_oak_log":17,"minecraft:white_banner":1,"minecraft:stone":155,"minecraft:deepslate_redstone_ore":32,"minecraft:oak_slab":15,"minecraft:oak_fence":65,"minecraft:crafting_table":7,"minecraft:torch":4,"minecraft:short_grass":236,"minecraft:blast_furnace":2,"minecraft:chest":10,"minecraft:cobblestone":15,"minecraft:tall_grass":43,"minecraft:nether_quartz_ore":18,"minecraft:lapis_ore":10,"minecraft:deepslate_gold_ore":12,"minecraft:grindstone":2,"minecraft:oak_planks":172,"minecraft:diorite":1,"minecraft:wall_torch":1,"minecraft:purple_bed":1,"minecraft:birch_planks":7,"minecraft:birch_log":9,"minecraft:wheat":3,"minecraft:birch_leaves":25,"minecraft:coal_ore":21,"minecraft:oak_log":187,"minecraft:gravel":49,"minecraft:loom":2,"minecraft:dirt":79,"minecraft:stonecutter":1,"minecraft:netherrack":18,"minecraft:gold_ore":3,"minecraft:oak_leaves":49,"minecraft:deepslate":147}},"DataVersion":3953}