{"stats":{"minecraft:crafted":{"minecraft:brick":10,"minecraft:oak_planks":1164,"minecraft:oak_sign":9,"minecraft:cooked_chicken":4,"minecraft:birch_slab":78,"minecraft:sand":8,"minecraft:stone":112,"minecraft:diamond_shovel":2,"minecraft:bookshelf":2,"minecraft:cooked_mutton":17,"minecraft:warped_planks":4,"minecraft:glass":151,"minecraft:nether_brick_wall":12,"minecraft:diamond_helmet":1,"minecraft:chest":14,"minecraft:netherite_helmet":1,"minecraft:rail":64,"minecraft:stone_bricks":104,"minecraft:flower_pot":2,"minecraft:oak_slab":12,"minecraft:emerald":215,"minecraft:cooked_porkchop":19,"minecraft:diamond_axe":1,"minecraft:crafting_table":4,"minecraft:spruce_planks":32,"minecraft:brown_dye":2,"minecraft:baked_potato":44,"minecraft:fletching_table":2,"minecraft:brewing_stand":1,"minecraft:birch_planks":624,"minecraft:lectern":2,"minecraft:book":6,"minecraft:wooden_hoe":1,"minecraft:paper":27,"minecraft:diamond_pickaxe":2,"minecraft:stick":1280,"minecraft:iron_ingot":47,"minecraft:gold_ingot":143,"minecraft:netherite_ingot":9,"minecraft:shears":1,"minecraft:oak_door":9,"minecraft:stone_shovel":12,"minecraft:iron_nugget":135,"minecraft:furnace":2,"minecraft:diamond_block":4,"minecraft:oak_trapdoor":2,"minecraft:lantern":17,"minecraft:ladder":6,"minecraft:stone_pickaxe":2,"minecraft:cobblestone_wall":24,"minecraft:diamond_boots":1,"minecraft:netherite_scrap":3,"minecraft:cooked_beef":9,"minecraft:cooked_salmon":1,"minecraft:bucket":8,"minecraft:stone_axe":4,"minecraft:glowstone":38,"minecraft:enchanted_book":20,"minecraft:bread":4,"minecraft:air":0,"minecraft:wooden_axe":1,"minecraft:oak_stairs":36,"minecraft:anvil":2,"minecraft:white_bed":6,"minecraft:torch":112,"minecraft:nether_brick_stairs":76},"minecraft:mined":{"minecraft:waxed_cut_copper_slab":1,"minecraft:white_bed":4,"minecraft:farmland":20,"minecraft:jungle_slab":2,"minecraft:budding_amethyst":1,"minecraft:grass_block":2115,"minecraft:cracked_polished_blackstone_bricks":9,"minecraft:chiseled_tuff_bricks":2,"minecraft:oak_wall_sign":4,"minecraft:oxeye_daisy":2,"minecraft:tuff_bricks":23,"minecraft:gilded_blackstone":1,"minecraft:polished_blackstone_bricks":17,"minecraft:weeping_vines_plant":1,"minecraft:magma_block":1356,"minecraft:glowstone":64,"minecraft:barrel":6,"minecraft:iron_ore":44,"minecraft:cobbled_deepslate":80,"minecraft:turtle_egg":9,"minecraft:fire":8,"minecraft:polished_tuff":3,"minecraft:deepslate_lapis_ore":23,"minecraft:fletching_table":3,"minecraft:azure_bluet":2,"minecraft:nether_brick_stairs":11,"minecraft:twisting_vines":5,"minecraft:cave_vines":4,"minecraft:dirt_path":3,"minecraft:oak_stairs":30,"minecraft:polished_tuff_slab":1,"minecraft:white_banner":1,"minecraft:deepslate_redstone_ore":74,"minecraft:blackstone":22,"minecraft:twisting_vines_plant":2,"minecraft:deepslate_brick_wall":6,"minecraft:crimson_nylium":1,"minecraft:torch":11,"minecraft:blast_furnace":2,"minecraft:calcite":11,"minecraft:poppy":1,"minecraft:chest":10,"minecraft:nether_quartz_ore":47,"minecraft:glass":7,"minecraft:cobblestone":33,"minecraft:grindstone":2,"minecraft:oak_planks":198,"minecraft:wall_torch":14,"minecraft:amethyst_block":3,"minecraft:waxed_copper_bulb":3,"minecraft:warped_nylium":2,"minecraft:birch_log":119,"minecraft:wheat":5,"minecraft:waxed_copper_block":8,"minecraft:oak_log":345,"minecraft:waxed_oxidized_copper":3,"minecraft:waxed_oxidized_copper_door":4,"minecraft:loom":2,"minecraft:sand":216,"minecraft:dirt":447,"minecraft:ancient_debris":6,"minecraft:stonecutter":1,"minecraft:netherrack":1712,"minecraft:oak_leaves":157,"minecraft:deepslate":248,"minecraft:nether_gold_ore":18,"minecraft:tuff":135,"minecraft:deepslate_diamond_ore":44,"minecraft:oak_door":8,"minecraft:stripped_birch_log":2,"minecraft:waxed_oxidized_chiseled_copper":1,"minecraft:nether_bricks":205,"minecraft:ladder":4,"minecraft:decorated_pot":37,"minecraft:weeping_vines":1,"minecraft:spruce_leaves":5,"minecraft:red_mushroom":1,"minecraft:large_fern":1,"minecraft:waxed_oxidized_cut_copper":3,"minecraft:furnace":2,"minecraft:carrots":4,"minecraft:nether_sprouts":1,"minecraft:andesite":5,"minecraft:chiseled_tuff":2,"minecraft:potatoes":4,"minecraft:deepslate_iron_ore":57,"minecraft:rail":36,"minecraft:lantern":16,"minecraft:warped_stem":1,"minecraft:stripped_oak_log":174,"minecraft:wet_sponge":20,"minecraft:waxed_weathered_copper_bulb":1,"minecraft:stone":492,"minecraft:oak_slab":15,"minecraft:basalt":8,"minecraft:dandelion":20,"minecraft:spruce_door":1,"minecraft:oak_fence":97,"minecraft:crafting_table":13,"minecraft:cornflower":5,"minecraft:short_grass":300,"minecraft:lectern":155,"minecraft:tall_grass":45,"minecraft:copper_ore":3,"minecraft:red_glazed_terracotta":2,"minecraft:deepslate_gold_ore":21,"minecraft:lapis_ore":10,"minecraft:diorite":1,"minecraft:spruce_stairs":1,"minecraft:purple_bed":1,"minecraft:birch_planks":7,"minecraft:cobblestone_wall":1,"minecraft:birch_leaves":31,"minecraft:white_wall_banner":3,"minecraft:coal_ore":155,"minecraft:gravel":98,"minecraft:flower_pot":1,"minecraft:cobweb":11,"minecraft:crimson_wall_sign":1,"minecraft:stone_bricks":2,"minecraft:gold_ore":3},"minecraft:broken":{"minecraft:diamond_helmet":1,"minecraft:stone_pickaxe":1,"minecraft:diamond_boots":1,"minecraft:diamond_pickaxe":1,"minecraft:stone_axe":2,"minecraft:stone_shovel":11,"minecraft:diamond_axe":1,"minecraft:iron_pickaxe":1},"minecraft:custom":{"minecraft:interact_with_crafting_table":134,"minecraft:open_barrel":110,"minecraft:bell_ring":38,"minecraft:eat_cake_slice":1,"minecraft:leave_game":13,"minecraft:time_since_death":265515,"minecraft:sprint_one_cm":2383261,"minecraft:damage_blocked_by_shield":1469,"minecraft:drop":317,"minecraft:talked_to_villager":490,"minecraft:play_time":2198825,"minecraft:deaths":34,"minecraft:jump":14913,"minecraft:walk_on_water_one_cm":124558,"minecraft:interact_with_furnace":167,"minecraft:traded_with_villager":237,"minecraft:interact_with_loom":1,"minecraft:sleep_in_bed":32,"minecraft:damage_dealt":72834,"minecraft:player_kills":1,"minecraft:crouch_one_cm":360074,"minecraft:inspect_dispenser":5,"minecraft:horse_one_cm":2327691,"minecraft:interact_with_smithing_table":5,"minecraft:mob_kills":442,"minecraft:interact_with_anvil":19,"minecraft:inspect_hopper":5,"minecraft:fill_cauldron":2,"minecraft:climb_one_cm":34253,"minecraft:walk_one_cm":4526830,"minecraft:raid_win":3,"minecraft:strider_one_cm":0,"minecraft:sneak_time":81770,"minecraft:walk_under_water_one_cm":88765,"minecraft:boat_one_cm":229512,"minecraft:interact_with_blast_furnace":43,"minecraft:total_world_time":2198825,"minecraft:raid_trigger":3,"minecraft:pot_flower":3,"minecraft:interact_with_grindstone":2,"minecraft:interact_with_stonecutter":1,"minecraft:time_since_rest":44623,"minecraft:damage_taken":25323,"minecraft:minecart_one_cm":18686,"minecraft:swim_one_cm":333257,"minecraft:fly_one_cm":2529785,"minecraft:open_chest":772,"minecraft:fall_one_cm":347376},"minecraft:dropped":{"minecraft:iron_sword":1,"minecraft:porkchop":4,"minecraft:diamond_axe":4,"minecraft:ominous_bottle":5,"minecraft:cooked_beef":1,"minecraft:glow_ink_sac":1,"minecraft:baked_potato":17,"minecraft:ender_pearl":3,"minecraft:diamond":66,"minecraft:crossbow":3,"minecraft:netherite_upgrade_smithing_template":3,"minecraft:glow_berries":1,"minecraft:warped_roots":3,"minecraft:leather":3,"minecraft:iron_horse_armor":1,"minecraft:rail":33,"minecraft:red_mushroom":2,"minecraft:dirt":137,"minecraft:netherite_boots":4,"minecraft:gold_nugget":26,"minecraft:turtle_scute":2,"minecraft:sugar":1,"minecraft:birch_log":1,"minecraft:gold_ingot":1,"minecraft:gravel":9,"minecraft:stone_axe":1,"minecraft:blackstone":11,"minecraft:ancient_debris":7,"minecraft:cobbled_deepslate":7,"minecraft:twisting_vines":2,"minecraft:rotten_flesh":19,"minecraft:cooked_mutton":2,"minecraft:white_bed":3,"minecraft:waxed_copper_block":1,"minecraft:tipped_arrow":3,"minecraft:turtle_helmet":1,"minecraft:hopper":1,"minecraft:arrow":7,"minecraft:quartz":68,"minecraft:netherrack":1640,"minecraft:iron_ingot":3,"minecraft:lectern":2,"minecraft:enchanted_book":3,"minecraft:water_bucket":3,"minecraft:wheat_seeds":9,"minecraft:minecart":1,"minecraft:netherite_helmet":3,"minecraft:diamond_leggings":1,"minecraft:netherite_chestplate":2,"minecraft:book":3,"minecraft:cobblestone":22,"minecraft:waxed_copper_grate":2,"minecraft:polished_tuff":2,"minecraft:amethyst_block":64,"minecraft:spruce_door":1,"minecraft:ominous_trial_key":1,"minecraft:flow_armor_trim_smithing_template":2,"minecraft:turtle_egg":27,"minecraft:gray_wool":1,"minecraft:golden_carrot":2,"minecraft:torch":60,"minecraft:wooden_axe":1,"minecraft:waxed_copper_bulb":2,"minecraft:diamond_helmet":1,"minecraft:string":2,"minecraft:bucket":5,"minecraft:brown_dye":1,"minecraft:netherite_ingot":5,"minecraft:raw_copper":5,"minecraft:polished_tuff_slab":1,"minecraft:name_tag":4,"minecraft:netherite_leggings":3,"minecraft:trial_key":9,"minecraft:diamond_chestplate":1,"minecraft:spruce_planks":4,"minecraft:diamond_pickaxe":5,"minecraft:andesite":1,"minecraft:purple_bed":1,"minecraft:oak_sapling":8,"minecraft:golden_sword":47,"minecraft:spider_eye":5,"minecraft:diamond_boots":1,"minecraft:bow":6,"minecraft:stone_pickaxe":2,"minecraft:wooden_pickaxe":1,"minecraft:magma_block":25},"minecraft:used":{"minecraft:tuff_bricks":3,"minecraft:ladder":10,"minecraft:oak_sign":13,"minecraft:chest":24,"minecraft:shield":18,"minecraft:iron_sword":36,"minecraft:stone":7,"minecraft:rotten_flesh":63,"minecraft:soul_sand":2,"minecraft:nether_bricks":396,"minecraft:carrot":9,"minecraft:weeping_vines":3,"minecraft:milk_bucket":6,"minecraft:glass":157,"minecraft:lava_bucket":73,"minecraft:lantern":33,"minecraft:stone_bricks":100,"minecraft:netherite_boots":1,"minecraft:magma_block":1862,"minecraft:bow":12,"minecraft:ominous_bottle":3,"minecraft:furnace":3,"minecraft:oak_sapling":3,"minecraft:egg":12,"minecraft:potato":10,"minecraft:deepslate_brick_wall":61,"minecraft:diamond_boots":1,"minecraft:spruce_door":2,"minecraft:oak_planks":1123,"minecraft:stone_pickaxe":132,"minecraft:blackstone":6,"minecraft:ender_pearl":1,"minecraft:diamond_axe":1861,"minecraft:oak_leaves":77,"minecraft:netherite_leggings":2,"minecraft:loom":2,"minecraft:blast_furnace":2,"minecraft:crossbow":119,"minecraft:netherite_helmet":1,"minecraft:shears":102,"minecraft:redstone_torch":11,"minecraft:bread":9,"minecraft:lectern":157,"minecraft:diamond_sword":468,"minecraft:grindstone":2,"minecraft:andesite":5,"minecraft:oak_boat":13,"minecraft:oak_fence":90,"minecraft:oak_trapdoor":1,"minecraft:stone_shovel":1564,"minecraft:cooked_salmon":1,"minecraft:cooked_chicken":6,"minecraft:netherrack":481,"minecraft:trial_key":5,"minecraft:oak_door":24,"minecraft:torch":197,"minecraft:brewing_stand":1,"minecraft:dirt":1930,"minecraft:spyglass":187,"minecraft:anvil":2,"minecraft:hopper":39,"minecraft:cobblestone_wall":22,"minecraft:diamond_helmet":2,"minecraft:nether_brick_stairs":88,"minecraft:wooden_axe":31,"minecraft:oak_stairs":67,"minecraft:barrel":6,"minecraft:diamond_chestplate":1,"minecraft:basalt":4,"minecraft:glowstone":36,"minecraft:minecart":3,"minecraft:cooked_beef":50,"minecraft:cobbled_deepslate":522,"minecraft:turtle_egg":27,"minecraft:turtle_spawn_egg":1,"minecraft:calcite":2,"minecraft:cooked_mutton":39,"minecraft:wheat_seeds":26,"minecraft:water_bucket":93,"minecraft:nether_brick_wall":10,"minecraft:birch_planks":19,"minecraft:netherite_chestplate":1,"minecraft:baked_potato":90,"minecraft:stonecutter":1,"minecraft:fletching_table":5,"minecraft:waxed_copper_block":2,"minecraft:rail":56,"minecraft:oak_slab":24,"minecraft:crafting_table":15,"minecraft:cod":3,"minecraft:white_bed":6,"minecraft:oak_log":168,"minecraft:wooden_hoe":35,"minecraft:flower_pot":2,"minecraft:diamond_pickaxe":4749,"minecraft:diamond_shovel":1508,"minecraft:ominous_trial_key":2,"minecraft:iron_pickaxe":250,"minecraft:crimson_sign":2,"minecraft:stone_axe":311,"minecraft:cobblestone":148,"minecraft:potion":1,"minecraft:white_banner":9,"minecraft:cooked_porkchop":23,"minecraft:bucket":167,"minecraft:pumpkin_pie":1,"minecraft:stripped_oak_log":175},"minecraft:killed_by":{"minecraft:ghast":2,"minecraft:zombified_piglin":2,"minecraft:piglin_brute":1,"minecraft:pillager":1,"minecraft:ravager":7,"minecraft:bogged":1,"minecraft:vindicator":5,"minecraft:zombie":2,"minecraft:vex":2,"minecraft:skeleton":1},"minecraft:killed":{"minecraft:cave_spider":6,"minecraft:zombified_piglin":11,"minecraft:witch":7,"minecraft:spider":41,"minecraft:skeleton":25,"minecraft:guardian":12,"minecraft:chicken":8,"minecraft:silverfish":4,"minecraft:piglin_brute":1,"minecraft:magma_cube":17,"minecraft:piglin":9,"minecraft:pig":14,"minecraft:zombie_villager":4,"minecraft:salmon":1,"minecraft:creeper":4,"minecraft:sheep":26,"minecraft:pillager":41,"minecraft:zombie":111,"minecraft:ghast":6,"minecraft:blaze":5,"minecraft:cow":13,"minecraft:evoker":1,"minecraft:vex":9,"minecraft:bogged":17,"minecraft:vindicator":13,"minecraft:slime":1,"minecraft:phantom":5,"minecraft:ravager":3,"minecraft:hoglin":1,"minecraft:breeze":6,"minecraft:wither_skeleton":1,"minecraft:villager":1,"minecraft:enderman":1},"minecraft:picked_up":{"minecraft:iron_chestplate":2,"minecraft:wheat":23,"minecraft:redstone_block":1,"minecraft:prismarine_shard":10,"minecraft:flower_pot":4,"minecraft:lead":1,"minecraft:diamond_sword":6,"minecraft:oak_stairs":31,"minecraft:potion":2,"minecraft:gilded_blackstone":1,"minecraft:golden_sword":5,"minecraft:amethyst_block":68,"minecraft:music_disc_cat":4,"minecraft:string":46,"minecraft:raw_copper":29,"minecraft:iron_leggings":1,"minecraft:netherite_ingot":1,"minecraft:oak_sign":4,"minecraft:diamond_leggings":7,"minecraft:gold_nugget":333,"minecraft:cobbled_deepslate":486,"minecraft:bucket":15,"minecraft:trial_key":15,"minecraft:waxed_oxidized_copper_door":4,"minecraft:redstone_torch":11,"minecraft:calcite":11,"minecraft:netherite_upgrade_smithing_template":8,"minecraft:iron_pickaxe":1,"minecraft:crimson_sign":4,"minecraft:iron_boots":1,"minecraft:furnace":2,"minecraft:tipped_arrow":23,"minecraft:stick":448,"minecraft:deepslate_brick_wall":67,"minecraft:oak_fence":117,"minecraft:torch":267,"minecraft:porkchop":26,"minecraft:waxed_weathered_copper_bulb":1,"minecraft:waxed_copper_grate":2,"minecraft:honey_bottle":3,"minecraft:rotten_flesh":329,"minecraft:iron_block":1,"minecraft:netherite_chestplate":2,"minecraft:blaze_rod":1,"minecraft:cod":3,"minecraft:cobblestone":614,"minecraft:birch_log":155,"minecraft:magma_block":1896,"minecraft:feather":11,"minecraft:cooked_beef":53,"minecraft:water_bucket":8,"minecraft:andesite":9,"minecraft:brown_wool":1,"minecraft:potato":37,"minecraft:flint":17,"minecraft:tuff":158,"minecraft:netherite_leggings":3,"minecraft:lapis_lazuli":183,"minecraft:stripped_birch_log":2,"minecraft:dirt":3359,"minecraft:lantern":16,"minecraft:name_tag":3,"minecraft:twisting_vines":2,"minecraft:glass":28,"minecraft:bone":56,"minecraft:stonecutter":1,"minecraft:bow":8,"minecraft:wheat_seeds":174,"minecraft:raw_gold":24,"minecraft:grindstone":2,"minecraft:diamond_helmet":5,"minecraft:fletching_table":3,"minecraft:glowstone_dust":301,"minecraft:prismarine":1,"minecraft:scrape_pottery_sherd":1,"minecraft:oak_planks":305,"minecraft:ghast_tear":1,"minecraft:cooked_porkchop":57,"minecraft:sand":406,"minecraft:nether_brick_stairs":19,"minecraft:grass_block":1,"minecraft:loom":2,"minecraft:barrel":6,"minecraft:sugar":6,"minecraft:diamond":178,"minecraft:netherite_helmet":3,"minecraft:cracked_polished_blackstone_bricks":10,"minecraft:granite":2,"minecraft:crossbow":18,"minecraft:breeze_rod":7,"minecraft:golden_apple":7,"minecraft:bread":23,"minecraft:emerald":150,"minecraft:oak_sapling":19,"minecraft:netherrack":2510,"minecraft:ominous_trial_key":3,"minecraft:oak_leaves":109,"minecraft:crimson_roots":1,"minecraft:diamond_pickaxe":12,"minecraft:charcoal":4,"minecraft:crafting_table":21,"minecraft:azure_bluet":2,"minecraft:ominous_bottle":8,"minecraft:chicken":9,"minecraft:ladder":7,"minecraft:wooden_pickaxe":1,"minecraft:shield":9,"minecraft:brick":143,"minecraft:wind_charge":14,"minecraft:cornflower":5,"minecraft:flow_banner_pattern":2,"minecraft:flint_and_steel":1,"minecraft:netherite_scrap":36,"minecraft:blackstone":39,"minecraft:beef":23,"minecraft:oak_boat":23,"minecraft:chiseled_tuff":1,"minecraft:iron_nugget":1,"minecraft:poppy":1,"minecraft:lectern":157,"minecraft:minecart":15,"minecraft:guster_pottery_sherd":2,"minecraft:sugar_cane":21,"minecraft:chest":11,"minecraft:birch_sapling":6,"minecraft:phantom_membrane":2,"minecraft:waxed_oxidized_copper":2,"minecraft:egg":18,"minecraft:raw_iron":107,"minecraft:oak_door":19,"minecraft:copper_ingot":22,"minecraft:polished_blackstone_bricks":17,"minecraft:flow_pottery_sherd":1,"minecraft:carrot":23,"minecraft:redstone":477,"minecraft:brown_dye":1,"minecraft:prismarine_crystals":4,"minecraft:weeping_vines":3,"minecraft:arrow":130,"minecraft:diamond_chestplate":7,"minecraft:pumpkin_pie":1,"minecraft:nether_bricks":526,"minecraft:shears":4,"minecraft:diamond_boots":6,"minecraft:totem_of_undying":2,"minecraft:flow_armor_trim_smithing_template":2,"minecraft:saddle":6,"minecraft:gold_ingot":47,"minecraft:tuff_bricks":8,"minecraft:glow_berries":22,"minecraft:mutton":40,"minecraft:wet_sponge":17,"minecraft:white_wool":39,"minecraft:rail":36,"minecraft:oxeye_daisy":2,"minecraft:stripped_oak_log":176,"minecraft:netherite_boots":4,"minecraft:basalt":7,"minecraft:golden_carrot":4,"minecraft:glow_ink_sac":3,"minecraft:salmon":1,"minecraft:leather":30,"minecraft:red_mushroom":2,"minecraft:filled_map":2,"minecraft:birch_planks":47,"minecraft:waxed_copper_bulb":2,"minecraft:oak_log":459,"minecraft:waxed_copper_block":6,"minecraft:ancient_debris":8,"minecraft:cobblestone_wall":2,"minecraft:golden_boots":1,"minecraft:gunpowder":14,"minecraft:wooden_hoe":3,"minecraft:deepslate_tile_slab":1,"minecraft:paper":48,"minecraft:white_banner":18,"minecraft:cooked_mutton":37,"minecraft:apple":3,"minecraft:stone_bricks":2,"minecraft:warped_stem":1,"minecraft:stone_pickaxe":1,"minecraft:polished_tuff_slab":1,"minecraft:iron_ingot":32,"minecraft:cooked_chicken":5,"minecraft:glass_bottle":3,"minecraft:iron_sword":4,"minecraft:soul_sand":2,"minecraft:book":18,"minecraft:scaffolding":23,"minecraft:oak_slab":16,"minecraft:sweet_berries":25,"minecraft:quartz":162,"minecraft:dandelion":22,"minecraft:spyglass":9,"minecraft:gravel":135,"minecraft:lava_bucket":3,"minecraft:spruce_sapling":2,"minecraft:blast_furnace":2,"minecraft:white_bed":5,"minecraft:spruce_log":24,"minecraft:polished_tuff":2,"minecraft:spruce_door":2,"minecraft:spider_eye":27,"minecraft:diamond_shovel":2,"minecraft:purple_bed":1,"minecraft:slime_ball":2,"minecraft:tide_armor_trim_smithing_template":1,"minecraft:iron_helmet":2,"minecraft:diamond_axe":11,"minecraft:gray_wool":5,"minecraft:warped_roots":3,"minecraft:baked_potato":112,"minecraft:black_wool":2,"minecraft:coal":238,"minecraft:chiseled_tuff_bricks":2,"minecraft:hopper":1,"minecraft:ender_pearl":3}},"DataVersion":3953}