{"stats":{"minecraft:killed":{"minecraft:cave_spider":6,"minecraft:zombified_piglin":9,"minecraft:witch":5,"minecraft:spider":41,"minecraft:skeleton":22,"minecraft:chicken":8,"minecraft:silverfish":4,"minecraft:piglin_brute":1,"minecraft:magma_cube":14,"minecraft:piglin":9,"minecraft:pig":14,"minecraft:zombie_villager":1,"minecraft:salmon":1,"minecraft:creeper":3,"minecraft:sheep":17,"minecraft:pillager":14,"minecraft:zombie":96,"minecraft:blaze":5,"minecraft:cow":13,"minecraft:evoker":1,"minecraft:vex":4,"minecraft:bogged":17,"minecraft:vindicator":6,"minecraft:slime":1,"minecraft:phantom":4,"minecraft:breeze":6,"minecraft:wither_skeleton":1,"minecraft:enderman":1},"minecraft:custom":{"minecraft:interact_with_crafting_table":94,"minecraft:open_barrel":84,"minecraft:bell_ring":35,"minecraft:eat_cake_slice":1,"minecraft:leave_game":7,"minecraft:time_since_death":156175,"minecraft:sprint_one_cm":1623474,"minecraft:damage_blocked_by_shield":1109,"minecraft:drop":171,"minecraft:talked_to_villager":14,"minecraft:play_time":1332828,"minecraft:deaths":25,"minecraft:jump":9475,"minecraft:walk_on_water_one_cm":65618,"minecraft:interact_with_furnace":120,"minecraft:traded_with_villager":2,"minecraft:interact_with_loom":1,"minecraft:sleep_in_bed":28,"minecraft:damage_dealt":49915,"minecraft:player_kills":1,"minecraft:crouch_one_cm":87034,"minecraft:inspect_dispenser":5,"minecraft:interact_with_smithing_table":4,"minecraft:mob_kills":337,"minecraft:interact_with_anvil":2,"minecraft:climb_one_cm":14554,"minecraft:walk_one_cm":3400305,"minecraft:raid_win":1,"minecraft:strider_one_cm":0,"minecraft:sneak_time":24898,"minecraft:walk_under_water_one_cm":26247,"minecraft:boat_one_cm":131654,"minecraft:interact_with_blast_furnace":43,"minecraft:total_world_time":1332828,"minecraft:raid_trigger":1,"minecraft:pot_flower":3,"minecraft:interact_with_grindstone":2,"minecraft:interact_with_stonecutter":1,"minecraft:time_since_rest":49148,"minecraft:damage_taken":16180,"minecraft:minecart_one_cm":18686,"minecraft:swim_one_cm":43501,"minecraft:fly_one_cm":1564242,"minecraft:open_chest":515,"minecraft:fall_one_cm":204030},"minecraft:broken":{"minecraft:diamond_helmet":1,"minecraft:stone_pickaxe":1,"minecraft:diamond_boots":1,"minecraft:diamond_pickaxe":1,"minecraft:stone_axe":2,"minecraft:stone_shovel":11,"minecraft:diamond_axe":1,"minecraft:iron_pickaxe":1},"minecraft:used":{"minecraft:tuff_bricks":3,"minecraft:ladder":8,"minecraft:oak_sign":13,"minecraft:chest":24,"minecraft:shield":13,"minecraft:iron_sword":36,"minecraft:rotten_flesh":63,"minecraft:soul_sand":2,"minecraft:nether_bricks":396,"minecraft:carrot":4,"minecraft:weeping_vines":3,"minecraft:glass":52,"minecraft:lava_bucket":67,"minecraft:lantern":33,"minecraft:stone_bricks":69,"minecraft:bow":12,"minecraft:ominous_bottle":1,"minecraft:oak_sapling":3,"minecraft:furnace":3,"minecraft:egg":12,"minecraft:potato":2,"minecraft:spruce_door":2,"minecraft:diamond_boots":1,"minecraft:stone_pickaxe":132,"minecraft:oak_planks":1120,"minecraft:blackstone":6,"minecraft:diamond_axe":1372,"minecraft:oak_leaves":77,"minecraft:loom":2,"minecraft:blast_furnace":2,"minecraft:crossbow":47,"minecraft:shears":102,"minecraft:bread":9,"minecraft:diamond_sword":270,"minecraft:grindstone":2,"minecraft:andesite":5,"minecraft:oak_boat":7,"minecraft:oak_trapdoor":1,"minecraft:oak_fence":90,"minecraft:stone_shovel":1564,"minecraft:cooked_salmon":1,"minecraft:cooked_chicken":6,"minecraft:netherrack":377,"minecraft:trial_key":5,"minecraft:oak_door":16,"minecraft:torch":195,"minecraft:dirt":1851,"minecraft:spyglass":165,"minecraft:cobblestone_wall":22,"minecraft:diamond_helmet":2,"minecraft:nether_brick_stairs":88,"minecraft:wooden_axe":31,"minecraft:oak_stairs":67,"minecraft:barrel":6,"minecraft:diamond_chestplate":1,"minecraft:basalt":4,"minecraft:glowstone":20,"minecraft:cooked_beef":32,"minecraft:cobbled_deepslate":453,"minecraft:calcite":2,"minecraft:wheat_seeds":26,"minecraft:cooked_mutton":21,"minecraft:water_bucket":69,"minecraft:nether_brick_wall":10,"minecraft:birch_planks":19,"minecraft:baked_potato":19,"minecraft:stonecutter":1,"minecraft:waxed_copper_block":2,"minecraft:oak_slab":24,"minecraft:crafting_table":13,"minecraft:white_bed":4,"minecraft:oak_log":168,"minecraft:wooden_hoe":35,"minecraft:flower_pot":2,"minecraft:diamond_pickaxe":2844,"minecraft:diamond_shovel":1427,"minecraft:ominous_trial_key":2,"minecraft:iron_pickaxe":250,"minecraft:stone_axe":311,"minecraft:cobblestone":30,"minecraft:potion":1,"minecraft:white_banner":9,"minecraft:cooked_porkchop":23,"minecraft:bucket":136,"minecraft:stripped_oak_log":175},"minecraft:mined":{"minecraft:waxed_cut_copper_slab":1,"minecraft:white_bed":4,"minecraft:farmland":1,"minecraft:budding_amethyst":1,"minecraft:grass_block":2101,"minecraft:cracked_polished_blackstone_bricks":9,"minecraft:chiseled_tuff_bricks":2,"minecraft:oak_wall_sign":4,"minecraft:oxeye_daisy":2,"minecraft:tuff_bricks":23,"minecraft:gilded_blackstone":1,"minecraft:polished_blackstone_bricks":17,"minecraft:weeping_vines_plant":1,"minecraft:magma_block":26,"minecraft:glowstone":60,"minecraft:cobbled_deepslate":69,"minecraft:barrel":6,"minecraft:iron_ore":44,"minecraft:fire":7,"minecraft:polished_tuff":3,"minecraft:deepslate_lapis_ore":23,"minecraft:nether_brick_stairs":8,"minecraft:azure_bluet":2,"minecraft:twisting_vines":5,"minecraft:cave_vines":4,"minecraft:dirt_path":3,"minecraft:oak_stairs":30,"minecraft:polished_tuff_slab":1,"minecraft:white_banner":1,"minecraft:deepslate_redstone_ore":74,"minecraft:blackstone":22,"minecraft:twisting_vines_plant":2,"minecraft:crimson_nylium":1,"minecraft:torch":11,"minecraft:blast_furnace":2,"minecraft:calcite":11,"minecraft:poppy":1,"minecraft:chest":10,"minecraft:nether_quartz_ore":47,"minecraft:cobblestone":19,"minecraft:grindstone":2,"minecraft:oak_planks":193,"minecraft:wall_torch":14,"minecraft:amethyst_block":3,"minecraft:waxed_copper_bulb":3,"minecraft:warped_nylium":2,"minecraft:birch_log":9,"minecraft:wheat":3,"minecraft:waxed_copper_block":8,"minecraft:oak_log":328,"minecraft:waxed_oxidized_copper":3,"minecraft:waxed_oxidized_copper_door":4,"minecraft:loom":2,"minecraft:sand":216,"minecraft:dirt":407,"minecraft:netherrack":1415,"minecraft:stonecutter":1,"minecraft:ancient_debris":6,"minecraft:oak_leaves":155,"minecraft:deepslate":210,"minecraft:nether_gold_ore":18,"minecraft:tuff":135,"minecraft:deepslate_diamond_ore":38,"minecraft:waxed_oxidized_chiseled_copper":1,"minecraft:ladder":4,"minecraft:nether_bricks":205,"minecraft:decorated_pot":37,"minecraft:weeping_vines":1,"minecraft:spruce_leaves":5,"minecraft:red_mushroom":1,"minecraft:large_fern":1,"minecraft:waxed_oxidized_cut_copper":3,"minecraft:furnace":2,"minecraft:carrots":1,"minecraft:andesite":5,"minecraft:chiseled_tuff":2,"minecraft:deepslate_iron_ore":57,"minecraft:rail":34,"minecraft:lantern":16,"minecraft:warped_stem":1,"minecraft:stripped_oak_log":174,"minecraft:stone":339,"minecraft:waxed_weathered_copper_bulb":1,"minecraft:oak_slab":15,"minecraft:basalt":8,"minecraft:spruce_door":1,"minecraft:dandelion":20,"minecraft:oak_fence":97,"minecraft:crafting_table":12,"minecraft:cornflower":5,"minecraft:short_grass":280,"minecraft:tall_grass":45,"minecraft:copper_ore":1,"minecraft:red_glazed_terracotta":2,"minecraft:deepslate_gold_ore":21,"minecraft:lapis_ore":10,"minecraft:diorite":1,"minecraft:purple_bed":1,"minecraft:birch_planks":7,"minecraft:cobblestone_wall":1,"minecraft:birch_leaves":25,"minecraft:white_wall_banner":3,"minecraft:coal_ore":155,"minecraft:gravel":93,"minecraft:flower_pot":1,"minecraft:cobweb":11,"minecraft:stone_bricks":1,"minecraft:gold_ore":3},"minecraft:picked_up":{"minecraft:iron_chestplate":2,"minecraft:wheat":10,"minecraft:flower_pot":4,"minecraft:lead":1,"minecraft:diamond_sword":6,"minecraft:oak_stairs":31,"minecraft:potion":2,"minecraft:gilded_blackstone":1,"minecraft:amethyst_block":68,"minecraft:music_disc_cat":4,"minecraft:string":44,"minecraft:raw_copper":22,"minecraft:iron_leggings":1,"minecraft:netherite_ingot":1,"minecraft:oak_sign":4,"minecraft:diamond_leggings":7,"minecraft:gold_nugget":248,"minecraft:cobbled_deepslate":365,"minecraft:bucket":7,"minecraft:trial_key":15,"minecraft:waxed_oxidized_copper_door":4,"minecraft:calcite":11,"minecraft:netherite_upgrade_smithing_template":8,"minecraft:iron_pickaxe":1,"minecraft:iron_boots":1,"minecraft:furnace":2,"minecraft:tipped_arrow":23,"minecraft:stick":378,"minecraft:oak_fence":117,"minecraft:torch":267,"minecraft:porkchop":22,"minecraft:waxed_weathered_copper_bulb":1,"minecraft:waxed_copper_grate":2,"minecraft:rotten_flesh":183,"minecraft:honey_bottle":3,"minecraft:iron_block":1,"minecraft:blaze_rod":1,"minecraft:cobblestone":424,"minecraft:birch_log":25,"minecraft:magma_block":46,"minecraft:feather":11,"minecraft:cooked_beef":35,"minecraft:water_bucket":7,"minecraft:andesite":9,"minecraft:brown_wool":1,"minecraft:potato":18,"minecraft:flint":17,"minecraft:tuff":158,"minecraft:lapis_lazuli":183,"minecraft:lantern":16,"minecraft:dirt":3254,"minecraft:name_tag":3,"minecraft:twisting_vines":2,"minecraft:bone":56,"minecraft:stonecutter":1,"minecraft:bow":7,"minecraft:wheat_seeds":134,"minecraft:raw_gold":24,"minecraft:grindstone":2,"minecraft:diamond_helmet":5,"minecraft:glowstone_dust":287,"minecraft:scrape_pottery_sherd":1,"minecraft:oak_planks":296,"minecraft:cooked_porkchop":14,"minecraft:sand":406,"minecraft:nether_brick_stairs":16,"minecraft:loom":2,"minecraft:grass_block":1,"minecraft:barrel":6,"minecraft:sugar":6,"minecraft:diamond":167,"minecraft:cracked_polished_blackstone_bricks":10,"minecraft:granite":2,"minecraft:crossbow":16,"minecraft:breeze_rod":7,"minecraft:golden_apple":7,"minecraft:bread":23,"minecraft:emerald":58,"minecraft:oak_sapling":9,"minecraft:netherrack":2166,"minecraft:ominous_trial_key":3,"minecraft:crimson_roots":1,"minecraft:oak_leaves":109,"minecraft:diamond_pickaxe":10,"minecraft:charcoal":4,"minecraft:crafting_table":20,"minecraft:azure_bluet":2,"minecraft:ominous_bottle":7,"minecraft:chicken":9,"minecraft:ladder":4,"minecraft:wooden_pickaxe":1,"minecraft:brick":143,"minecraft:shield":9,"minecraft:wind_charge":14,"minecraft:cornflower":5,"minecraft:flow_banner_pattern":2,"minecraft:flint_and_steel":1,"minecraft:netherite_scrap":36,"minecraft:blackstone":39,"minecraft:beef":23,"minecraft:oak_boat":18,"minecraft:chiseled_tuff":1,"minecraft:iron_nugget":1,"minecraft:poppy":1,"minecraft:minecart":7,"minecraft:guster_pottery_sherd":2,"minecraft:sugar_cane":21,"minecraft:chest":11,"minecraft:birch_sapling":5,"minecraft:phantom_membrane":2,"minecraft:waxed_oxidized_copper":2,"minecraft:egg":18,"minecraft:raw_iron":107,"minecraft:oak_door":10,"minecraft:copper_ingot":22,"minecraft:polished_blackstone_bricks":17,"minecraft:flow_pottery_sherd":1,"minecraft:carrot":4,"minecraft:redstone":460,"minecraft:brown_dye":1,"minecraft:weeping_vines":3,"minecraft:arrow":120,"minecraft:diamond_chestplate":7,"minecraft:nether_bricks":526,"minecraft:shears":4,"minecraft:diamond_boots":6,"minecraft:saddle":3,"minecraft:flow_armor_trim_smithing_template":2,"minecraft:gold_ingot":46,"minecraft:totem_of_undying":1,"minecraft:tuff_bricks":8,"minecraft:glow_berries":22,"minecraft:mutton":27,"minecraft:rail":33,"minecraft:white_wool":30,"minecraft:oxeye_daisy":2,"minecraft:stripped_oak_log":176,"minecraft:basalt":7,"minecraft:golden_carrot":4,"minecraft:glow_ink_sac":3,"minecraft:salmon":1,"minecraft:leather":29,"minecraft:red_mushroom":2,"minecraft:birch_planks":47,"minecraft:waxed_copper_bulb":2,"minecraft:oak_log":441,"minecraft:waxed_copper_block":6,"minecraft:ancient_debris":8,"minecraft:golden_boots":1,"minecraft:gunpowder":12,"minecraft:cobblestone_wall":2,"minecraft:wooden_hoe":3,"minecraft:white_banner":14,"minecraft:cooked_mutton":17,"minecraft:apple":3,"minecraft:stone_bricks":1,"minecraft:warped_stem":1,"minecraft:iron_ingot":17,"minecraft:stone_pickaxe":1,"minecraft:polished_tuff_slab":1,"minecraft:cooked_chicken":5,"minecraft:glass_bottle":2,"minecraft:soul_sand":2,"minecraft:iron_sword":4,"minecraft:scaffolding":23,"minecraft:oak_slab":16,"minecraft:sweet_berries":25,"minecraft:quartz":157,"minecraft:dandelion":20,"minecraft:spyglass":9,"minecraft:gravel":134,"minecraft:lava_bucket":3,"minecraft:spruce_sapling":2,"minecraft:blast_furnace":2,"minecraft:white_bed":5,"minecraft:spruce_log":24,"minecraft:spruce_door":1,"minecraft:polished_tuff":2,"minecraft:spider_eye":27,"minecraft:diamond_shovel":2,"minecraft:purple_bed":1,"minecraft:slime_ball":2,"minecraft:iron_helmet":2,"minecraft:diamond_axe":10,"minecraft:gray_wool":4,"minecraft:baked_potato":85,"minecraft:black_wool":2,"minecraft:coal":238,"minecraft:chiseled_tuff_bricks":2,"minecraft:ender_pearl":1},"minecraft:dropped":{"minecraft:iron_sword":1,"minecraft:diamond_axe":3,"minecraft:ominous_bottle":5,"minecraft:cooked_beef":1,"minecraft:glow_ink_sac":1,"minecraft:baked_potato":13,"minecraft:diamond":64,"minecraft:crossbow":1,"minecraft:netherite_upgrade_smithing_template":3,"minecraft:glow_berries":1,"minecraft:leather":3,"minecraft:iron_horse_armor":1,"minecraft:rail":33,"minecraft:red_mushroom":2,"minecraft:dirt":130,"minecraft:sugar":1,"minecraft:birch_log":1,"minecraft:gravel":8,"minecraft:stone_axe":1,"minecraft:blackstone":11,"minecraft:ancient_debris":7,"minecraft:cobbled_deepslate":7,"minecraft:twisting_vines":2,"minecraft:rotten_flesh":9,"minecraft:cooked_mutton":2,"minecraft:white_bed":3,"minecraft:waxed_copper_block":1,"minecraft:tipped_arrow":3,"minecraft:quartz":63,"minecraft:netherrack":1448,"minecraft:enchanted_book":1,"minecraft:water_bucket":1,"minecraft:minecart":1,"minecraft:diamond_leggings":1,"minecraft:cobblestone":22,"minecraft:waxed_copper_grate":2,"minecraft:polished_tuff":2,"minecraft:amethyst_block":64,"minecraft:ominous_trial_key":1,"minecraft:flow_armor_trim_smithing_template":2,"minecraft:gray_wool":1,"minecraft:golden_carrot":2,"minecraft:torch":60,"minecraft:wooden_axe":1,"minecraft:waxed_copper_bulb":2,"minecraft:diamond_helmet":1,"minecraft:string":2,"minecraft:bucket":3,"minecraft:brown_dye":1,"minecraft:netherite_ingot":5,"minecraft:raw_copper":5,"minecraft:polished_tuff_slab":1,"minecraft:name_tag":4,"minecraft:trial_key":9,"minecraft:diamond_chestplate":1,"minecraft:spruce_planks":4,"minecraft:diamond_pickaxe":1,"minecraft:andesite":1,"minecraft:purple_bed":1,"minecraft:oak_sapling":1,"minecraft:spider_eye":5,"minecraft:diamond_boots":1,"minecraft:bow":5,"minecraft:stone_pickaxe":2,"minecraft:wooden_pickaxe":1},"minecraft:killed_by":{"minecraft:ghast":1,"minecraft:zombified_piglin":2,"minecraft:piglin_brute":1,"minecraft:pillager":1,"minecraft:ravager":7,"minecraft:bogged":1,"minecraft:vindicator":3,"minecraft:zombie":2,"minecraft:vex":2,"minecraft:skeleton":1},"minecraft:crafted":{"minecraft:brick":10,"minecraft:oak_planks":1092,"minecraft:oak_sign":9,"minecraft:cooked_chicken":4,"minecraft:sand":8,"minecraft:stone":68,"minecraft:diamond_shovel":2,"minecraft:cooked_mutton":17,"minecraft:warped_planks":4,"minecraft:glass":52,"minecraft:nether_brick_wall":12,"minecraft:diamond_helmet":1,"minecraft:chest":14,"minecraft:netherite_helmet":1,"minecraft:stone_bricks":68,"minecraft:flower_pot":2,"minecraft:oak_slab":12,"minecraft:cooked_porkchop":14,"minecraft:diamond_axe":1,"minecraft:crafting_table":3,"minecraft:spruce_planks":32,"minecraft:brown_dye":2,"minecraft:birch_planks":96,"minecraft:wooden_hoe":1,"minecraft:stick":100,"minecraft:iron_ingot":47,"minecraft:netherite_ingot":9,"minecraft:shears":1,"minecraft:oak_door":9,"minecraft:stone_shovel":12,"minecraft:iron_nugget":135,"minecraft:furnace":2,"minecraft:oak_trapdoor":2,"minecraft:diamond_block":4,"minecraft:lantern":17,"minecraft:ladder":6,"minecraft:cobblestone_wall":24,"minecraft:stone_pickaxe":2,"minecraft:diamond_boots":1,"minecraft:netherite_scrap":3,"minecraft:cooked_beef":9,"minecraft:cooked_salmon":1,"minecraft:bucket":2,"minecraft:stone_axe":4,"minecraft:glowstone":38,"minecraft:bread":4,"minecraft:air":0,"minecraft:oak_stairs":36,"minecraft:wooden_axe":1,"minecraft:white_bed":4,"minecraft:torch":112,"minecraft:nether_brick_stairs":76}},"DataVersion":3953}