{"stats":{"minecraft:killed":{"minecraft:cave_spider":6,"minecraft:witch":5,"minecraft:spider":37,"minecraft:skeleton":12,"minecraft:chicken":3,"minecraft:silverfish":4,"minecraft:pig":10,"minecraft:zombie_villager":1,"minecraft:creeper":2,"minecraft:sheep":10,"minecraft:pillager":14,"minecraft:zombie":55,"minecraft:cow":6,"minecraft:evoker":1,"minecraft:vex":4,"minecraft:bogged":17,"minecraft:vindicator":6,"minecraft:slime":1,"minecraft:phantom":3,"minecraft:breeze":6},"minecraft:killed_by":{"minecraft:pillager":1,"minecraft:ravager":7,"minecraft:bogged":1,"minecraft:vindicator":3,"minecraft:zombie":2,"minecraft:vex":2,"minecraft:skeleton":1},"minecraft:broken":{"minecraft:diamond_helmet":1,"minecraft:stone_pickaxe":1,"minecraft:stone_axe":2,"minecraft:stone_shovel":11,"minecraft:iron_pickaxe":1},"minecraft:custom":{"minecraft:interact_with_crafting_table":65,"minecraft:open_barrel":39,"minecraft:bell_ring":23,"minecraft:eat_cake_slice":1,"minecraft:leave_game":4,"minecraft:time_since_death":82776,"minecraft:sprint_one_cm":805156,"minecraft:damage_blocked_by_shield":491,"minecraft:drop":106,"minecraft:talked_to_villager":3,"minecraft:play_time":654264,"minecraft:deaths":18,"minecraft:jump":4680,"minecraft:walk_on_water_one_cm":41159,"minecraft:interact_with_furnace":49,"minecraft:traded_with_villager":1,"minecraft:interact_with_loom":1,"minecraft:sleep_in_bed":19,"minecraft:damage_dealt":31982,"minecraft:crouch_one_cm":30265,"minecraft:inspect_dispenser":5,"minecraft:interact_with_anvil":2,"minecraft:mob_kills":213,"minecraft:climb_one_cm":2052,"minecraft:walk_one_cm":1852963,"minecraft:raid_win":1,"minecraft:sneak_time":9768,"minecraft:walk_under_water_one_cm":17073,"minecraft:boat_one_cm":95864,"minecraft:interact_with_blast_furnace":17,"minecraft:total_world_time":654264,"minecraft:raid_trigger":1,"minecraft:pot_flower":3,"minecraft:interact_with_grindstone":2,"minecraft:interact_with_stonecutter":1,"minecraft:time_since_rest":41952,"minecraft:damage_taken":10462,"minecraft:minecart_one_cm":18686,"minecraft:swim_one_cm":24217,"minecraft:fly_one_cm":760464,"minecraft:open_chest":308,"minecraft:fall_one_cm":102280},"minecraft:used":{"minecraft:tuff_bricks":3,"minecraft:oak_sign":6,"minecraft:chest":22,"minecraft:shield":6,"minecraft:iron_sword":36,"minecraft:rotten_flesh":27,"minecraft:carrot":3,"minecraft:weeping_vines":3,"minecraft:lava_bucket":20,"minecraft:lantern":12,"minecraft:bow":12,"minecraft:ominous_bottle":1,"minecraft:furnace":3,"minecraft:oak_sapling":3,"minecraft:egg":1,"minecraft:stone_pickaxe":132,"minecraft:oak_planks":785,"minecraft:diamond_axe":599,"minecraft:oak_leaves":20,"minecraft:loom":2,"minecraft:blast_furnace":2,"minecraft:crossbow":5,"minecraft:shears":21,"minecraft:bread":3,"minecraft:diamond_sword":190,"minecraft:grindstone":2,"minecraft:andesite":5,"minecraft:oak_boat":3,"minecraft:oak_fence":13,"minecraft:stone_shovel":1564,"minecraft:cooked_chicken":2,"minecraft:trial_key":5,"minecraft:netherrack":1,"minecraft:oak_door":16,"minecraft:torch":78,"minecraft:dirt":1307,"minecraft:spyglass":137,"minecraft:diamond_helmet":1,"minecraft:wooden_axe":31,"minecraft:oak_stairs":52,"minecraft:barrel":4,"minecraft:glowstone":15,"minecraft:cooked_beef":23,"minecraft:cobbled_deepslate":397,"minecraft:wheat_seeds":19,"minecraft:cooked_mutton":1,"minecraft:water_bucket":43,"minecraft:birch_planks":19,"minecraft:baked_potato":19,"minecraft:stonecutter":1,"minecraft:waxed_copper_block":2,"minecraft:oak_slab":24,"minecraft:crafting_table":8,"minecraft:white_bed":2,"minecraft:oak_log":16,"minecraft:wooden_hoe":35,"minecraft:flower_pot":2,"minecraft:diamond_pickaxe":433,"minecraft:ominous_trial_key":2,"minecraft:diamond_shovel":555,"minecraft:iron_pickaxe":250,"minecraft:stone_axe":311,"minecraft:cobblestone":30,"minecraft:potion":1,"minecraft:white_banner":9,"minecraft:cooked_porkchop":18,"minecraft:bucket":63,"minecraft:stripped_oak_log":16},"minecraft:mined":{"minecraft:waxed_cut_copper_slab":1,"minecraft:white_bed":2,"minecraft:farmland":1,"minecraft:grass_block":1977,"minecraft:chiseled_tuff_bricks":2,"minecraft:oak_wall_sign":1,"minecraft:tuff_bricks":23,"minecraft:weeping_vines_plant":1,"minecraft:glowstone":33,"minecraft:barrel":6,"minecraft:fire":7,"minecraft:iron_ore":44,"minecraft:cobbled_deepslate":35,"minecraft:polished_tuff":3,"minecraft:deepslate_lapis_ore":12,"minecraft:dirt_path":2,"minecraft:oak_stairs":22,"minecraft:polished_tuff_slab":1,"minecraft:white_banner":1,"minecraft:deepslate_redstone_ore":32,"minecraft:torch":6,"minecraft:blast_furnace":2,"minecraft:chest":10,"minecraft:cobblestone":15,"minecraft:nether_quartz_ore":18,"minecraft:grindstone":2,"minecraft:oak_planks":172,"minecraft:wall_torch":1,"minecraft:waxed_copper_bulb":3,"minecraft:birch_log":9,"minecraft:wheat":3,"minecraft:waxed_copper_block":8,"minecraft:oak_log":187,"minecraft:waxed_oxidized_copper":3,"minecraft:waxed_oxidized_copper_door":4,"minecraft:loom":2,"minecraft:dirt":88,"minecraft:stonecutter":1,"minecraft:netherrack":18,"minecraft:oak_leaves":49,"minecraft:deepslate":154,"minecraft:tuff":87,"minecraft:deepslate_diamond_ore":16,"minecraft:waxed_oxidized_chiseled_copper":1,"minecraft:decorated_pot":37,"minecraft:weeping_vines":1,"minecraft:spruce_leaves":5,"minecraft:red_mushroom":1,"minecraft:large_fern":1,"minecraft:waxed_oxidized_cut_copper":3,"minecraft:furnace":2,"minecraft:carrots":1,"minecraft:andesite":5,"minecraft:chiseled_tuff":2,"minecraft:deepslate_iron_ore":8,"minecraft:rail":34,"minecraft:lantern":6,"minecraft:stripped_oak_log":17,"minecraft:waxed_weathered_copper_bulb":1,"minecraft:stone":157,"minecraft:oak_slab":15,"minecraft:oak_fence":65,"minecraft:crafting_table":7,"minecraft:cornflower":2,"minecraft:short_grass":248,"minecraft:tall_grass":43,"minecraft:red_glazed_terracotta":2,"minecraft:lapis_ore":10,"minecraft:deepslate_gold_ore":12,"minecraft:diorite":1,"minecraft:purple_bed":1,"minecraft:birch_planks":7,"minecraft:birch_leaves":25,"minecraft:white_wall_banner":3,"minecraft:coal_ore":21,"minecraft:flower_pot":1,"minecraft:gravel":49,"minecraft:cobweb":11,"minecraft:gold_ore":3},"minecraft:dropped":{"minecraft:iron_sword":1,"minecraft:ominous_bottle":5,"minecraft:diamond_axe":3,"minecraft:baked_potato":13,"minecraft:crossbow":1,"minecraft:leather":3,"minecraft:rail":33,"minecraft:red_mushroom":2,"minecraft:dirt":2,"minecraft:sugar":1,"minecraft:birch_log":1,"minecraft:stone_axe":1,"minecraft:cobbled_deepslate":1,"minecraft:rotten_flesh":6,"minecraft:waxed_copper_block":1,"minecraft:tipped_arrow":3,"minecraft:quartz":51,"minecraft:netherrack":19,"minecraft:enchanted_book":1,"minecraft:water_bucket":1,"minecraft:minecart":1,"minecraft:cobblestone":22,"minecraft:waxed_copper_grate":2,"minecraft:polished_tuff":2,"minecraft:amethyst_block":64,"minecraft:ominous_trial_key":1,"minecraft:flow_armor_trim_smithing_template":2,"minecraft:wooden_axe":1,"minecraft:waxed_copper_bulb":1,"minecraft:string":2,"minecraft:bucket":3,"minecraft:brown_dye":1,"minecraft:polished_tuff_slab":1,"minecraft:name_tag":1,"minecraft:trial_key":9,"minecraft:spruce_planks":4,"minecraft:diamond_pickaxe":1,"minecraft:purple_bed":1,"minecraft:oak_sapling":1,"minecraft:spider_eye":5,"minecraft:bow":5,"minecraft:stone_pickaxe":2,"minecraft:wooden_pickaxe":1},"minecraft:picked_up":{"minecraft:iron_chestplate":2,"minecraft:wheat":9,"minecraft:flower_pot":4,"minecraft:diamond_sword":5,"minecraft:oak_stairs":22,"minecraft:potion":2,"minecraft:amethyst_block":64,"minecraft:music_disc_cat":4,"minecraft:string":42,"minecraft:raw_copper":12,"minecraft:iron_leggings":1,"minecraft:oak_sign":1,"minecraft:diamond_leggings":5,"minecraft:gold_nugget":75,"minecraft:cobbled_deepslate":228,"minecraft:bucket":5,"minecraft:trial_key":15,"minecraft:waxed_oxidized_copper_door":4,"minecraft:iron_pickaxe":1,"minecraft:iron_boots":1,"minecraft:furnace":2,"minecraft:tipped_arrow":23,"minecraft:stick":327,"minecraft:oak_fence":63,"minecraft:torch":38,"minecraft:porkchop":16,"minecraft:waxed_weathered_copper_bulb":1,"minecraft:waxed_copper_grate":2,"minecraft:rotten_flesh":114,"minecraft:honey_bottle":3,"minecraft:iron_block":1,"minecraft:cobblestone":224,"minecraft:birch_log":25,"minecraft:magma_block":1,"minecraft:feather":7,"minecraft:cooked_beef":26,"minecraft:water_bucket":7,"minecraft:andesite":8,"minecraft:brown_wool":1,"minecraft:potato":16,"minecraft:flint":4,"minecraft:tuff":94,"minecraft:lapis_lazuli":119,"minecraft:dirt":2737,"minecraft:lantern":6,"minecraft:bone":46,"minecraft:stonecutter":1,"minecraft:bow":7,"minecraft:wheat_seeds":125,"minecraft:raw_gold":15,"minecraft:grindstone":2,"minecraft:diamond_helmet":3,"minecraft:glowstone_dust":174,"minecraft:scrape_pottery_sherd":1,"minecraft:oak_planks":209,"minecraft:cooked_porkchop":9,"minecraft:loom":2,"minecraft:barrel":6,"minecraft:sugar":6,"minecraft:diamond":66,"minecraft:granite":2,"minecraft:crossbow":15,"minecraft:breeze_rod":7,"minecraft:golden_apple":7,"minecraft:bread":21,"minecraft:emerald":54,"minecraft:oak_sapling":5,"minecraft:netherrack":101,"minecraft:ominous_trial_key":3,"minecraft:crimson_roots":1,"minecraft:oak_leaves":22,"minecraft:diamond_pickaxe":7,"minecraft:charcoal":4,"minecraft:crafting_table":15,"minecraft:ominous_bottle":7,"minecraft:chicken":6,"minecraft:wooden_pickaxe":1,"minecraft:brick":143,"minecraft:shield":8,"minecraft:wind_charge":14,"minecraft:cornflower":2,"minecraft:flow_banner_pattern":2,"minecraft:flint_and_steel":1,"minecraft:beef":8,"minecraft:oak_boat":15,"minecraft:chiseled_tuff":1,"minecraft:iron_nugget":1,"minecraft:minecart":6,"minecraft:guster_pottery_sherd":2,"minecraft:sugar_cane":21,"minecraft:chest":10,"minecraft:birch_sapling":5,"minecraft:phantom_membrane":2,"minecraft:waxed_oxidized_copper":2,"minecraft:egg":17,"minecraft:raw_iron":59,"minecraft:oak_door":10,"minecraft:copper_ingot":22,"minecraft:flow_pottery_sherd":1,"minecraft:carrot":3,"minecraft:redstone":265,"minecraft:weeping_vines":3,"minecraft:arrow":83,"minecraft:diamond_chestplate":5,"minecraft:shears":4,"minecraft:diamond_boots":4,"minecraft:totem_of_undying":1,"minecraft:saddle":3,"minecraft:flow_armor_trim_smithing_template":2,"minecraft:gold_ingot":2,"minecraft:tuff_bricks":8,"minecraft:glow_berries":20,"minecraft:mutton":18,"minecraft:white_wool":21,"minecraft:rail":33,"minecraft:stripped_oak_log":17,"minecraft:golden_carrot":4,"minecraft:leather":23,"minecraft:red_mushroom":2,"minecraft:birch_planks":15,"minecraft:waxed_copper_bulb":2,"minecraft:oak_log":284,"minecraft:waxed_copper_block":6,"minecraft:golden_boots":1,"minecraft:cobblestone_wall":1,"minecraft:gunpowder":12,"minecraft:wooden_hoe":3,"minecraft:white_banner":14,"minecraft:cooked_mutton":1,"minecraft:apple":3,"minecraft:iron_ingot":16,"minecraft:stone_pickaxe":1,"minecraft:polished_tuff_slab":1,"minecraft:cooked_chicken":2,"minecraft:glass_bottle":2,"minecraft:iron_sword":4,"minecraft:scaffolding":23,"minecraft:oak_slab":16,"minecraft:sweet_berries":25,"minecraft:quartz":125,"minecraft:spyglass":8,"minecraft:gravel":37,"minecraft:lava_bucket":2,"minecraft:spruce_sapling":2,"minecraft:blast_furnace":2,"minecraft:white_bed":2,"minecraft:spruce_log":24,"minecraft:polished_tuff":2,"minecraft:spider_eye":26,"minecraft:diamond_shovel":1,"minecraft:purple_bed":1,"minecraft:slime_ball":2,"minecraft:iron_helmet":2,"minecraft:diamond_axe":8,"minecraft:gray_wool":1,"minecraft:baked_potato":85,"minecraft:black_wool":1,"minecraft:coal":83,"minecraft:chiseled_tuff_bricks":2,"minecraft:ender_pearl":1},"minecraft:crafted":{"minecraft:brick":10,"minecraft:oak_planks":788,"minecraft:oak_sign":9,"minecraft:diamond_shovel":1,"minecraft:cooked_mutton":12,"minecraft:diamond_helmet":1,"minecraft:chest":13,"minecraft:flower_pot":2,"minecraft:oak_slab":12,"minecraft:cooked_porkchop":9,"minecraft:diamond_axe":1,"minecraft:crafting_table":2,"minecraft:spruce_planks":32,"minecraft:brown_dye":2,"minecraft:birch_planks":96,"minecraft:wooden_hoe":1,"minecraft:stick":100,"minecraft:iron_ingot":19,"minecraft:shears":1,"minecraft:oak_door":9,"minecraft:stone_shovel":12,"minecraft:iron_nugget":135,"minecraft:furnace":1,"minecraft:diamond_block":4,"minecraft:lantern":6,"minecraft:stone_pickaxe":2,"minecraft:cooked_beef":6,"minecraft:bucket":2,"minecraft:stone_axe":4,"minecraft:glowstone":38,"minecraft:air":0,"minecraft:wooden_axe":1,"minecraft:oak_stairs":36,"minecraft:white_bed":1,"minecraft:torch":64}},"DataVersion":3953}